-- =========================================================================
-- SEED DATA FOR E-COMMERCE DATABASE SYSTEM
-- Generated Chronologically and Normalized
-- =========================================================================

BEGIN;

-- Countries
INSERT INTO Country (country_id, country_name) VALUES (1, 'India') ON CONFLICT (country_id) DO NOTHING;
INSERT INTO Country (country_id, country_name) VALUES (2, 'USA') ON CONFLICT (country_id) DO NOTHING;
SELECT setval('country_country_id_seq', COALESCE((SELECT MAX(country_id)+1 FROM Country), 1), false);

-- States
INSERT INTO State (state_id, state_name, country_id) VALUES (1, 'Maharashtra', 1) ON CONFLICT (state_id) DO NOTHING;
INSERT INTO State (state_id, state_name, country_id) VALUES (2, 'Karnataka', 1) ON CONFLICT (state_id) DO NOTHING;
INSERT INTO State (state_id, state_name, country_id) VALUES (3, 'California', 2) ON CONFLICT (state_id) DO NOTHING;
INSERT INTO State (state_id, state_name, country_id) VALUES (4, 'New York', 2) ON CONFLICT (state_id) DO NOTHING;
INSERT INTO State (state_id, state_name, country_id) VALUES (5, 'Texas', 2) ON CONFLICT (state_id) DO NOTHING;
SELECT setval('state_state_id_seq', COALESCE((SELECT MAX(state_id)+1 FROM State), 1), false);

-- Cities
INSERT INTO City (city_id, city_name, state_id) VALUES (1, 'Mumbai', 1) ON CONFLICT (city_id) DO NOTHING;
INSERT INTO City (city_id, city_name, state_id) VALUES (2, 'Pune', 1) ON CONFLICT (city_id) DO NOTHING;
INSERT INTO City (city_id, city_name, state_id) VALUES (3, 'Bangalore', 2) ON CONFLICT (city_id) DO NOTHING;
INSERT INTO City (city_id, city_name, state_id) VALUES (4, 'San Francisco', 3) ON CONFLICT (city_id) DO NOTHING;
INSERT INTO City (city_id, city_name, state_id) VALUES (5, 'Los Angeles', 3) ON CONFLICT (city_id) DO NOTHING;
INSERT INTO City (city_id, city_name, state_id) VALUES (6, 'New York City', 4) ON CONFLICT (city_id) DO NOTHING;
INSERT INTO City (city_id, city_name, state_id) VALUES (7, 'Austin', 5) ON CONFLICT (city_id) DO NOTHING;
SELECT setval('city_city_id_seq', COALESCE((SELECT MAX(city_id)+1 FROM City), 1), false);

-- Users
INSERT INTO Users (user_id, name, email, phone, created_at) VALUES (1, 'Raj Kumar', 'rajkumar@example.com', '6729613278', '2026-03-05 00:00:00+00');
INSERT INTO Users (user_id, name, email, phone, created_at) VALUES (2, 'Aisha Sharma', 'aishasharma@example.com', '7802442098', '2025-12-29 00:00:00+00');
INSERT INTO Users (user_id, name, email, phone, created_at) VALUES (3, 'John Smith', 'johnsmith@example.com', '6914423434', '2026-02-25 00:00:00+00');
INSERT INTO Users (user_id, name, email, phone, created_at) VALUES (4, 'Emily Davis', 'emilydavis@example.com', '9574121395', '2026-02-14 00:00:00+00');
INSERT INTO Users (user_id, name, email, phone, created_at) VALUES (5, 'Arjun Mehta', 'arjunmehta@example.com', '8765114165', '2025-12-04 00:00:00+00');
INSERT INTO Users (user_id, name, email, phone, created_at) VALUES (6, 'Neha Patel', 'nehapatel@example.com', '6614038657', '2025-12-30 00:00:00+00');
INSERT INTO Users (user_id, name, email, phone, created_at) VALUES (7, 'Michael Johnson', 'michaeljohnson@example.com', '9311888907', '2025-12-04 00:00:00+00');
INSERT INTO Users (user_id, name, email, phone, created_at) VALUES (8, 'Sarah Brown', 'sarahbrown@example.com', '9678136062', '2026-03-02 00:00:00+00');
INSERT INTO Users (user_id, name, email, phone, created_at) VALUES (9, 'Vikram Singh', 'vikramsingh@example.com', '9571364987', '2025-12-29 00:00:00+00');
INSERT INTO Users (user_id, name, email, phone, created_at) VALUES (10, 'Priya Gupta', 'priyagupta@example.com', '8943987236', '2026-01-05 00:00:00+00');
INSERT INTO Users (user_id, name, email, phone, created_at) VALUES (11, 'David Miller', 'davidmiller@example.com', '6042530926', '2026-02-28 00:00:00+00');
INSERT INTO Users (user_id, name, email, phone, created_at) VALUES (12, 'Jessica Wilson', 'jessicawilson@example.com', '8769654597', '2026-01-05 00:00:00+00');
INSERT INTO Users (user_id, name, email, phone, created_at) VALUES (13, 'Amit Joshi', 'amitjoshi@example.com', '7018938221', '2026-03-08 00:00:00+00');
INSERT INTO Users (user_id, name, email, phone, created_at) VALUES (14, 'Anjali Verma', 'anjaliverma@example.com', '8205923396', '2025-12-12 00:00:00+00');
INSERT INTO Users (user_id, name, email, phone, created_at) VALUES (15, 'James Jones', 'jamesjones@example.com', '8489822676', '2026-01-15 00:00:00+00');
INSERT INTO Users (user_id, name, email, phone, created_at) VALUES (16, 'Katelyn Garcia', 'katelyngarcia@example.com', '8254189131', '2026-01-03 00:00:00+00');
INSERT INTO Users (user_id, name, email, phone, created_at) VALUES (17, 'Rahul Reddy', 'rahulreddy@example.com', '6284770217', '2026-02-07 00:00:00+00');
INSERT INTO Users (user_id, name, email, phone, created_at) VALUES (18, 'Pooja Rao', 'poojarao@example.com', '6818059615', '2025-12-11 00:00:00+00');
INSERT INTO Users (user_id, name, email, phone, created_at) VALUES (19, 'Robert Williams', 'robertwilliams@example.com', '9617848427', '2026-02-19 00:00:00+00');
INSERT INTO Users (user_id, name, email, phone, created_at) VALUES (20, 'Mary Miller', 'marymiller@example.com', '8370085674', '2025-12-25 00:00:00+00');
INSERT INTO Users (user_id, name, email, phone, created_at) VALUES (21, 'Karan Malhotra', 'karanmalhotra@example.com', '6455816006', '2026-02-23 00:00:00+00');
INSERT INTO Users (user_id, name, email, phone, created_at) VALUES (22, 'Sneha Iyer', 'snehaiyer@example.com', '7493547930', '2025-12-11 00:00:00+00');
INSERT INTO Users (user_id, name, email, phone, created_at) VALUES (23, 'William Anderson', 'williamanderson@example.com', '7525623238', '2026-01-18 00:00:00+00');
INSERT INTO Users (user_id, name, email, phone, created_at) VALUES (24, 'Patricia Thomas', 'patriciathomas@example.com', '7821769429', '2026-02-20 00:00:00+00');
INSERT INTO Users (user_id, name, email, phone, created_at) VALUES (25, 'Sanjay Nair', 'sanjaynair@example.com', '8390931319', '2026-01-17 00:00:00+00');
INSERT INTO Users (user_id, name, email, phone, created_at) VALUES (26, 'Ritu Kapoor', 'ritukapoor@example.com', '8328337460', '2026-02-24 00:00:00+00');
INSERT INTO Users (user_id, name, email, phone, created_at) VALUES (27, 'Daniel Taylor', 'danieltaylor@example.com', '7749699593', '2026-02-21 00:00:00+00');
INSERT INTO Users (user_id, name, email, phone, created_at) VALUES (28, 'Jennifer Moore', 'jennifermoore@example.com', '6467989840', '2026-02-20 00:00:00+00');
INSERT INTO Users (user_id, name, email, phone, created_at) VALUES (29, 'Vijay Sen', 'vijaysen@example.com', '7121580010', '2026-03-04 00:00:00+00');
INSERT INTO Users (user_id, name, email, phone, created_at) VALUES (30, 'Divya Bose', 'divyabose@example.com', '7604331417', '2026-01-29 00:00:00+00');
INSERT INTO Users (user_id, name, email, phone, created_at) VALUES (31, 'Joseph Jackson', 'josephjackson@example.com', '8486745382', '2026-02-20 00:00:00+00');
INSERT INTO Users (user_id, name, email, phone, created_at) VALUES (32, 'Elizabeth Martin', 'elizabethmartin@example.com', '9650038785', '2026-02-26 00:00:00+00');
INSERT INTO Users (user_id, name, email, phone, created_at) VALUES (33, 'Abhishek Choudhury', 'abhishekchoudhury@example.com', '8125217331', '2025-12-30 00:00:00+00');
INSERT INTO Users (user_id, name, email, phone, created_at) VALUES (34, 'Komal Das', 'komaldas@example.com', '6210351347', '2026-01-21 00:00:00+00');
INSERT INTO Users (user_id, name, email, phone, created_at) VALUES (35, 'Charles Lee', 'charleslee@example.com', '7754618675', '2025-12-28 00:00:00+00');
INSERT INTO Users (user_id, name, email, phone, created_at) VALUES (36, 'Linda Perez', 'lindaperez@example.com', '9717051245', '2025-12-28 00:00:00+00');
INSERT INTO Users (user_id, name, email, phone, created_at) VALUES (37, 'Rohan Goel', 'rohangoel@example.com', '9271761856', '2026-02-21 00:00:00+00');
INSERT INTO Users (user_id, name, email, phone, created_at) VALUES (38, 'Shalini Bansal', 'shalinibansal@example.com', '9007128726', '2026-01-03 00:00:00+00');
INSERT INTO Users (user_id, name, email, phone, created_at) VALUES (39, 'Thomas Thompson', 'thomasthompson@example.com', '6915042325', '2026-03-06 00:00:00+00');
INSERT INTO Users (user_id, name, email, phone, created_at) VALUES (40, 'Barbara White', 'barbarawhite@example.com', '9678980644', '2026-01-03 00:00:00+00');
INSERT INTO Users (user_id, name, email, phone, created_at) VALUES (41, 'Aditya Chawla', 'adityachawla@example.com', '9831166155', '2026-02-13 00:00:00+00');
INSERT INTO Users (user_id, name, email, phone, created_at) VALUES (42, 'Swati Sinha', 'swatisinha@example.com', '8617557447', '2025-12-29 00:00:00+00');
INSERT INTO Users (user_id, name, email, phone, created_at) VALUES (43, 'Christopher Harris', 'christopherharris@example.com', '6906576784', '2026-02-02 00:00:00+00');
INSERT INTO Users (user_id, name, email, phone, created_at) VALUES (44, 'Susan Sanchez', 'susansanchez@example.com', '6595716175', '2025-12-15 00:00:00+00');
INSERT INTO Users (user_id, name, email, phone, created_at) VALUES (45, 'Yash Shah', 'yashshah@example.com', '7001692240', '2025-12-21 00:00:00+00');
INSERT INTO Users (user_id, name, email, phone, created_at) VALUES (46, 'Tanvi Dubey', 'tanvidubey@example.com', '8766688172', '2025-12-09 00:00:00+00');
INSERT INTO Users (user_id, name, email, phone, created_at) VALUES (47, 'Matthew Clark', 'matthewclark@example.com', '8521660019', '2026-02-15 00:00:00+00');
INSERT INTO Users (user_id, name, email, phone, created_at) VALUES (48, 'Margaret Ramirez', 'margaretramirez@example.com', '9067479352', '2026-01-02 00:00:00+00');
INSERT INTO Users (user_id, name, email, phone, created_at) VALUES (49, 'Harsh Trivedi', 'harshtrivedi@example.com', '9625611504', '2026-02-26 00:00:00+00');
INSERT INTO Users (user_id, name, email, phone, created_at) VALUES (50, 'Deepika Saxena', 'deepikasaxena@example.com', '6750799353', '2026-02-07 00:00:00+00');
INSERT INTO Users (user_id, name, email, phone, created_at) VALUES (51, 'Donald Lewis', 'donaldlewis@example.com', '7748694012', '2026-01-13 00:00:00+00');
INSERT INTO Users (user_id, name, email, phone, created_at) VALUES (52, 'Dorothy Robinson', 'dorothyrobinson@example.com', '6731048469', '2026-01-25 00:00:00+00');
INSERT INTO Users (user_id, name, email, phone, created_at) VALUES (53, 'Gaurav Pandey', 'gauravpandey@example.com', '7036569470', '2025-12-01 00:00:00+00');
INSERT INTO Users (user_id, name, email, phone, created_at) VALUES (54, 'Nisha Mishra', 'nishamishra@example.com', '7726175612', '2026-03-08 00:00:00+00');
INSERT INTO Users (user_id, name, email, phone, created_at) VALUES (55, 'Mark Walker', 'markwalker@example.com', '7170876542', '2025-12-14 00:00:00+00');
INSERT INTO Users (user_id, name, email, phone, created_at) VALUES (56, 'Lisa Young', 'lisayoung@example.com', '7955893748', '2026-02-03 00:00:00+00');
INSERT INTO Users (user_id, name, email, phone, created_at) VALUES (57, 'Pranav Deshmukh', 'pranavdeshmukh@example.com', '9990936071', '2025-12-20 00:00:00+00');
INSERT INTO Users (user_id, name, email, phone, created_at) VALUES (58, 'Kriti Kulkarni', 'kritikulkarni@example.com', '8450431174', '2026-02-08 00:00:00+00');
INSERT INTO Users (user_id, name, email, phone, created_at) VALUES (59, 'Paul Allen', 'paulallen@example.com', '9475710074', '2026-02-15 00:00:00+00');
INSERT INTO Users (user_id, name, email, phone, created_at) VALUES (60, 'Nancy King', 'nancyking@example.com', '8124374042', '2025-12-03 00:00:00+00');
SELECT setval('users_user_id_seq', COALESCE((SELECT MAX(user_id)+1 FROM Users), 1), false);

-- Addresses
INSERT INTO Address (address_id, user_id, line1, zipcode, city_id, type) VALUES (1, 1, '476 Park Avenue House 40', '351083', 1, 'Shipping');
INSERT INTO Address (address_id, user_id, line1, zipcode, city_id, type) VALUES (2, 1, '450 Main Street Villa 11', '351083', 1, 'Billing');
INSERT INTO Address (address_id, user_id, line1, zipcode, city_id, type) VALUES (3, 2, '375 Baker Street 9', '897549', 1, 'Shipping');
INSERT INTO Address (address_id, user_id, line1, zipcode, city_id, type) VALUES (4, 2, '375 Baker Street 9', '897549', 1, 'Billing');
INSERT INTO Address (address_id, user_id, line1, zipcode, city_id, type) VALUES (5, 3, '66 Baker Street 71', '273148', 2, 'Shipping');
INSERT INTO Address (address_id, user_id, line1, zipcode, city_id, type) VALUES (6, 3, '447 Main Street Villa 55', '273148', 2, 'Billing');
INSERT INTO Address (address_id, user_id, line1, zipcode, city_id, type) VALUES (7, 4, '476 Oak Road 97', '865388', 2, 'Shipping');
INSERT INTO Address (address_id, user_id, line1, zipcode, city_id, type) VALUES (8, 4, '476 Oak Road 97', '865388', 2, 'Billing');
INSERT INTO Address (address_id, user_id, line1, zipcode, city_id, type) VALUES (9, 5, '160 High Street Apt 86', '95180', 6, 'Shipping');
INSERT INTO Address (address_id, user_id, line1, zipcode, city_id, type) VALUES (10, 5, '461 Oak Road 58', '95180', 6, 'Billing');
INSERT INTO Address (address_id, user_id, line1, zipcode, city_id, type) VALUES (11, 6, '127 Market St Flat 9', '454508', 1, 'Shipping');
INSERT INTO Address (address_id, user_id, line1, zipcode, city_id, type) VALUES (12, 6, '284 Market St Flat 76', '454508', 1, 'Billing');
INSERT INTO Address (address_id, user_id, line1, zipcode, city_id, type) VALUES (13, 7, '4 Sunset Blvd Apt 91', '761759', 2, 'Shipping');
INSERT INTO Address (address_id, user_id, line1, zipcode, city_id, type) VALUES (14, 7, '35 MG Road Apt 43', '761759', 2, 'Billing');
INSERT INTO Address (address_id, user_id, line1, zipcode, city_id, type) VALUES (15, 8, '264 Market St Flat 36', '801474', 1, 'Shipping');
INSERT INTO Address (address_id, user_id, line1, zipcode, city_id, type) VALUES (16, 8, '277 Broadway St Suite 93', '801474', 1, 'Billing');
INSERT INTO Address (address_id, user_id, line1, zipcode, city_id, type) VALUES (17, 9, '296 Baker Street 32', '71993', 5, 'Shipping');
INSERT INTO Address (address_id, user_id, line1, zipcode, city_id, type) VALUES (18, 9, '296 Baker Street 32', '71993', 5, 'Billing');
INSERT INTO Address (address_id, user_id, line1, zipcode, city_id, type) VALUES (19, 10, '49 Sunset Blvd Apt 85', '551989', 2, 'Shipping');
INSERT INTO Address (address_id, user_id, line1, zipcode, city_id, type) VALUES (20, 10, '211 Baker Street 94', '551989', 2, 'Billing');
INSERT INTO Address (address_id, user_id, line1, zipcode, city_id, type) VALUES (21, 11, '345 Sunset Blvd Apt 8', '522179', 1, 'Shipping');
INSERT INTO Address (address_id, user_id, line1, zipcode, city_id, type) VALUES (22, 11, '345 Sunset Blvd Apt 8', '522179', 1, 'Billing');
INSERT INTO Address (address_id, user_id, line1, zipcode, city_id, type) VALUES (23, 12, '442 Sunset Blvd Apt 32', '35112', 7, 'Shipping');
INSERT INTO Address (address_id, user_id, line1, zipcode, city_id, type) VALUES (24, 12, '230 Broadway St Suite 55', '35112', 7, 'Billing');
INSERT INTO Address (address_id, user_id, line1, zipcode, city_id, type) VALUES (25, 13, '143 Baker Street 32', '179046', 2, 'Shipping');
INSERT INTO Address (address_id, user_id, line1, zipcode, city_id, type) VALUES (26, 13, '442 Oak Road 13', '179046', 2, 'Billing');
INSERT INTO Address (address_id, user_id, line1, zipcode, city_id, type) VALUES (27, 14, '334 Oak Road 2', '197793', 1, 'Shipping');
INSERT INTO Address (address_id, user_id, line1, zipcode, city_id, type) VALUES (28, 14, '334 Oak Road 2', '197793', 1, 'Billing');
INSERT INTO Address (address_id, user_id, line1, zipcode, city_id, type) VALUES (29, 15, '122 Broadway St Suite 53', '73653', 7, 'Shipping');
INSERT INTO Address (address_id, user_id, line1, zipcode, city_id, type) VALUES (30, 15, '443 High Street Apt 8', '73653', 7, 'Billing');
INSERT INTO Address (address_id, user_id, line1, zipcode, city_id, type) VALUES (31, 16, '195 MG Road Apt 50', '378085', 2, 'Shipping');
INSERT INTO Address (address_id, user_id, line1, zipcode, city_id, type) VALUES (32, 16, '195 MG Road Apt 50', '378085', 2, 'Billing');
INSERT INTO Address (address_id, user_id, line1, zipcode, city_id, type) VALUES (33, 17, '233 Link Road Floor 55', '82845', 7, 'Shipping');
INSERT INTO Address (address_id, user_id, line1, zipcode, city_id, type) VALUES (34, 17, '233 Link Road Floor 55', '82845', 7, 'Billing');
INSERT INTO Address (address_id, user_id, line1, zipcode, city_id, type) VALUES (35, 18, '80 Market St Flat 38', '38534', 4, 'Shipping');
INSERT INTO Address (address_id, user_id, line1, zipcode, city_id, type) VALUES (36, 18, '80 Market St Flat 38', '38534', 4, 'Billing');
INSERT INTO Address (address_id, user_id, line1, zipcode, city_id, type) VALUES (37, 19, '377 Oak Road 8', '51104', 5, 'Shipping');
INSERT INTO Address (address_id, user_id, line1, zipcode, city_id, type) VALUES (38, 19, '300 Baker Street 65', '51104', 5, 'Billing');
INSERT INTO Address (address_id, user_id, line1, zipcode, city_id, type) VALUES (39, 20, '272 Broadway St Suite 8', '76562', 7, 'Shipping');
INSERT INTO Address (address_id, user_id, line1, zipcode, city_id, type) VALUES (40, 20, '96 Sunset Blvd Apt 77', '76562', 7, 'Billing');
INSERT INTO Address (address_id, user_id, line1, zipcode, city_id, type) VALUES (41, 21, '346 Market St Flat 52', '225710', 1, 'Shipping');
INSERT INTO Address (address_id, user_id, line1, zipcode, city_id, type) VALUES (42, 21, '346 Market St Flat 52', '225710', 1, 'Billing');
INSERT INTO Address (address_id, user_id, line1, zipcode, city_id, type) VALUES (43, 22, '127 Main Street Villa 77', '15209', 5, 'Shipping');
INSERT INTO Address (address_id, user_id, line1, zipcode, city_id, type) VALUES (44, 22, '127 Main Street Villa 77', '15209', 5, 'Billing');
INSERT INTO Address (address_id, user_id, line1, zipcode, city_id, type) VALUES (45, 23, '337 Main Street Villa 73', '78522', 4, 'Shipping');
INSERT INTO Address (address_id, user_id, line1, zipcode, city_id, type) VALUES (46, 23, '134 Market St Flat 86', '78522', 4, 'Billing');
INSERT INTO Address (address_id, user_id, line1, zipcode, city_id, type) VALUES (47, 24, '161 Market St Flat 34', '61876', 6, 'Shipping');
INSERT INTO Address (address_id, user_id, line1, zipcode, city_id, type) VALUES (48, 24, '331 Link Road Floor 59', '61876', 6, 'Billing');
INSERT INTO Address (address_id, user_id, line1, zipcode, city_id, type) VALUES (49, 25, '476 Sunset Blvd Apt 2', '580547', 3, 'Shipping');
INSERT INTO Address (address_id, user_id, line1, zipcode, city_id, type) VALUES (50, 25, '476 Sunset Blvd Apt 2', '580547', 3, 'Billing');
INSERT INTO Address (address_id, user_id, line1, zipcode, city_id, type) VALUES (51, 26, '52 Sunset Blvd Apt 69', '37938', 5, 'Shipping');
INSERT INTO Address (address_id, user_id, line1, zipcode, city_id, type) VALUES (52, 26, '52 Sunset Blvd Apt 69', '37938', 5, 'Billing');
INSERT INTO Address (address_id, user_id, line1, zipcode, city_id, type) VALUES (53, 27, '478 Park Avenue House 9', '356150', 2, 'Shipping');
INSERT INTO Address (address_id, user_id, line1, zipcode, city_id, type) VALUES (54, 27, '81 Baker Street 70', '356150', 2, 'Billing');
INSERT INTO Address (address_id, user_id, line1, zipcode, city_id, type) VALUES (55, 28, '155 Main Street Villa 84', '79329', 6, 'Shipping');
INSERT INTO Address (address_id, user_id, line1, zipcode, city_id, type) VALUES (56, 28, '419 Oak Road 39', '79329', 6, 'Billing');
INSERT INTO Address (address_id, user_id, line1, zipcode, city_id, type) VALUES (57, 29, '54 Broadway St Suite 34', '25129', 6, 'Shipping');
INSERT INTO Address (address_id, user_id, line1, zipcode, city_id, type) VALUES (58, 29, '54 Broadway St Suite 34', '25129', 6, 'Billing');
INSERT INTO Address (address_id, user_id, line1, zipcode, city_id, type) VALUES (59, 30, '284 Broadway St Suite 35', '46930', 6, 'Shipping');
INSERT INTO Address (address_id, user_id, line1, zipcode, city_id, type) VALUES (60, 30, '284 Broadway St Suite 35', '46930', 6, 'Billing');
INSERT INTO Address (address_id, user_id, line1, zipcode, city_id, type) VALUES (61, 31, '176 Market St Flat 88', '93130', 6, 'Shipping');
INSERT INTO Address (address_id, user_id, line1, zipcode, city_id, type) VALUES (62, 31, '176 Market St Flat 88', '93130', 6, 'Billing');
INSERT INTO Address (address_id, user_id, line1, zipcode, city_id, type) VALUES (63, 32, '251 Link Road Floor 7', '22097', 5, 'Shipping');
INSERT INTO Address (address_id, user_id, line1, zipcode, city_id, type) VALUES (64, 32, '251 Link Road Floor 7', '22097', 5, 'Billing');
INSERT INTO Address (address_id, user_id, line1, zipcode, city_id, type) VALUES (65, 33, '142 MG Road Apt 1', '53719', 7, 'Shipping');
INSERT INTO Address (address_id, user_id, line1, zipcode, city_id, type) VALUES (66, 33, '142 MG Road Apt 1', '53719', 7, 'Billing');
INSERT INTO Address (address_id, user_id, line1, zipcode, city_id, type) VALUES (67, 34, '135 Broadway St Suite 95', '67912', 6, 'Shipping');
INSERT INTO Address (address_id, user_id, line1, zipcode, city_id, type) VALUES (68, 34, '135 Broadway St Suite 95', '67912', 6, 'Billing');
INSERT INTO Address (address_id, user_id, line1, zipcode, city_id, type) VALUES (69, 35, '288 MG Road Apt 15', '19862', 4, 'Shipping');
INSERT INTO Address (address_id, user_id, line1, zipcode, city_id, type) VALUES (70, 35, '288 MG Road Apt 15', '19862', 4, 'Billing');
INSERT INTO Address (address_id, user_id, line1, zipcode, city_id, type) VALUES (71, 36, '463 Broadway St Suite 70', '14722', 6, 'Shipping');
INSERT INTO Address (address_id, user_id, line1, zipcode, city_id, type) VALUES (72, 36, '463 Broadway St Suite 70', '14722', 6, 'Billing');
INSERT INTO Address (address_id, user_id, line1, zipcode, city_id, type) VALUES (73, 37, '283 Broadway St Suite 56', '26704', 5, 'Shipping');
INSERT INTO Address (address_id, user_id, line1, zipcode, city_id, type) VALUES (74, 37, '187 MG Road Apt 46', '26704', 5, 'Billing');
INSERT INTO Address (address_id, user_id, line1, zipcode, city_id, type) VALUES (75, 38, '350 Market St Flat 86', '207786', 2, 'Shipping');
INSERT INTO Address (address_id, user_id, line1, zipcode, city_id, type) VALUES (76, 38, '287 High Street Apt 80', '207786', 2, 'Billing');
INSERT INTO Address (address_id, user_id, line1, zipcode, city_id, type) VALUES (77, 39, '80 Market St Flat 21', '33206', 6, 'Shipping');
INSERT INTO Address (address_id, user_id, line1, zipcode, city_id, type) VALUES (78, 39, '80 Market St Flat 21', '33206', 6, 'Billing');
INSERT INTO Address (address_id, user_id, line1, zipcode, city_id, type) VALUES (79, 40, '92 Park Avenue House 53', '941204', 1, 'Shipping');
INSERT INTO Address (address_id, user_id, line1, zipcode, city_id, type) VALUES (80, 40, '92 Park Avenue House 53', '941204', 1, 'Billing');
INSERT INTO Address (address_id, user_id, line1, zipcode, city_id, type) VALUES (81, 41, '416 Market St Flat 35', '30866', 6, 'Shipping');
INSERT INTO Address (address_id, user_id, line1, zipcode, city_id, type) VALUES (82, 41, '416 Market St Flat 35', '30866', 6, 'Billing');
INSERT INTO Address (address_id, user_id, line1, zipcode, city_id, type) VALUES (83, 42, '196 MG Road Apt 61', '333238', 1, 'Shipping');
INSERT INTO Address (address_id, user_id, line1, zipcode, city_id, type) VALUES (84, 42, '471 Baker Street 45', '333238', 1, 'Billing');
INSERT INTO Address (address_id, user_id, line1, zipcode, city_id, type) VALUES (85, 43, '421 Market St Flat 29', '124813', 3, 'Shipping');
INSERT INTO Address (address_id, user_id, line1, zipcode, city_id, type) VALUES (86, 43, '421 Market St Flat 29', '124813', 3, 'Billing');
INSERT INTO Address (address_id, user_id, line1, zipcode, city_id, type) VALUES (87, 44, '169 Link Road Floor 9', '46585', 4, 'Shipping');
INSERT INTO Address (address_id, user_id, line1, zipcode, city_id, type) VALUES (88, 44, '261 High Street Apt 87', '46585', 4, 'Billing');
INSERT INTO Address (address_id, user_id, line1, zipcode, city_id, type) VALUES (89, 45, '275 Park Avenue House 4', '25118', 7, 'Shipping');
INSERT INTO Address (address_id, user_id, line1, zipcode, city_id, type) VALUES (90, 45, '275 Park Avenue House 4', '25118', 7, 'Billing');
INSERT INTO Address (address_id, user_id, line1, zipcode, city_id, type) VALUES (91, 46, '92 Main Street Villa 34', '140115', 3, 'Shipping');
INSERT INTO Address (address_id, user_id, line1, zipcode, city_id, type) VALUES (92, 46, '223 Park Avenue House 94', '140115', 3, 'Billing');
INSERT INTO Address (address_id, user_id, line1, zipcode, city_id, type) VALUES (93, 47, '161 High Street Apt 78', '77033', 7, 'Shipping');
INSERT INTO Address (address_id, user_id, line1, zipcode, city_id, type) VALUES (94, 47, '461 Main Street Villa 25', '77033', 7, 'Billing');
INSERT INTO Address (address_id, user_id, line1, zipcode, city_id, type) VALUES (95, 48, '23 High Street Apt 1', '645175', 3, 'Shipping');
INSERT INTO Address (address_id, user_id, line1, zipcode, city_id, type) VALUES (96, 48, '23 High Street Apt 1', '645175', 3, 'Billing');
INSERT INTO Address (address_id, user_id, line1, zipcode, city_id, type) VALUES (97, 49, '352 Market St Flat 47', '66531', 5, 'Shipping');
INSERT INTO Address (address_id, user_id, line1, zipcode, city_id, type) VALUES (98, 49, '341 Park Avenue House 80', '66531', 5, 'Billing');
INSERT INTO Address (address_id, user_id, line1, zipcode, city_id, type) VALUES (99, 50, '340 Sunset Blvd Apt 93', '414910', 3, 'Shipping');
INSERT INTO Address (address_id, user_id, line1, zipcode, city_id, type) VALUES (100, 50, '340 Sunset Blvd Apt 93', '414910', 3, 'Billing');
INSERT INTO Address (address_id, user_id, line1, zipcode, city_id, type) VALUES (101, 51, '210 Park Avenue House 52', '48752', 6, 'Shipping');
INSERT INTO Address (address_id, user_id, line1, zipcode, city_id, type) VALUES (102, 51, '210 Park Avenue House 52', '48752', 6, 'Billing');
INSERT INTO Address (address_id, user_id, line1, zipcode, city_id, type) VALUES (103, 52, '216 High Street Apt 87', '884475', 2, 'Shipping');
INSERT INTO Address (address_id, user_id, line1, zipcode, city_id, type) VALUES (104, 52, '216 High Street Apt 87', '884475', 2, 'Billing');
INSERT INTO Address (address_id, user_id, line1, zipcode, city_id, type) VALUES (105, 53, '292 Link Road Floor 52', '81819', 5, 'Shipping');
INSERT INTO Address (address_id, user_id, line1, zipcode, city_id, type) VALUES (106, 53, '292 Link Road Floor 52', '81819', 5, 'Billing');
INSERT INTO Address (address_id, user_id, line1, zipcode, city_id, type) VALUES (107, 54, '147 Market St Flat 56', '923927', 3, 'Shipping');
INSERT INTO Address (address_id, user_id, line1, zipcode, city_id, type) VALUES (108, 54, '147 Market St Flat 56', '923927', 3, 'Billing');
INSERT INTO Address (address_id, user_id, line1, zipcode, city_id, type) VALUES (109, 55, '165 Baker Street 57', '67954', 6, 'Shipping');
INSERT INTO Address (address_id, user_id, line1, zipcode, city_id, type) VALUES (110, 55, '165 Baker Street 57', '67954', 6, 'Billing');
INSERT INTO Address (address_id, user_id, line1, zipcode, city_id, type) VALUES (111, 56, '243 Broadway St Suite 85', '21114', 5, 'Shipping');
INSERT INTO Address (address_id, user_id, line1, zipcode, city_id, type) VALUES (112, 56, '340 Main Street Villa 43', '21114', 5, 'Billing');
INSERT INTO Address (address_id, user_id, line1, zipcode, city_id, type) VALUES (113, 57, '420 Market St Flat 87', '425498', 1, 'Shipping');
INSERT INTO Address (address_id, user_id, line1, zipcode, city_id, type) VALUES (114, 57, '102 Broadway St Suite 4', '425498', 1, 'Billing');
INSERT INTO Address (address_id, user_id, line1, zipcode, city_id, type) VALUES (115, 58, '126 Baker Street 79', '991014', 1, 'Shipping');
INSERT INTO Address (address_id, user_id, line1, zipcode, city_id, type) VALUES (116, 58, '126 Baker Street 79', '991014', 1, 'Billing');
INSERT INTO Address (address_id, user_id, line1, zipcode, city_id, type) VALUES (117, 59, '213 Main Street Villa 25', '60328', 4, 'Shipping');
INSERT INTO Address (address_id, user_id, line1, zipcode, city_id, type) VALUES (118, 59, '125 Broadway St Suite 84', '60328', 4, 'Billing');
INSERT INTO Address (address_id, user_id, line1, zipcode, city_id, type) VALUES (119, 60, '3 Sunset Blvd Apt 100', '65724', 6, 'Shipping');
INSERT INTO Address (address_id, user_id, line1, zipcode, city_id, type) VALUES (120, 60, '412 Oak Road 60', '65724', 6, 'Billing');
SELECT setval('address_address_id_seq', COALESCE((SELECT MAX(address_id)+1 FROM Address), 1), false);

-- Sellers
INSERT INTO Sellers (seller_id, name, email, phone, business_name) VALUES (1, 'Appario Retail', 'contact@apparioretail.com', '9876500001', 'Appario Retail Private Limited');
INSERT INTO Sellers (seller_id, name, email, phone, business_name) VALUES (2, 'Cloudtail India', 'contact@cloudtailindia.com', '9876500002', 'Cloudtail India Private Limited');
INSERT INTO Sellers (seller_id, name, email, phone, business_name) VALUES (3, 'OmniTech Solutions', 'contact@omnitechsolutions.com', '9876500003', 'OmniTech Solutions Private Limited');
INSERT INTO Sellers (seller_id, name, email, phone, business_name) VALUES (4, 'Clicktech Retail', 'contact@clicktechretail.com', '9876500004', 'Clicktech Retail Private Limited');
INSERT INTO Sellers (seller_id, name, email, phone, business_name) VALUES (5, 'Global Fashion Corp', 'contact@globalfashioncorp.com', '9876500005', 'Global Fashion Corp Private Limited');
INSERT INTO Sellers (seller_id, name, email, phone, business_name) VALUES (6, 'Supercom Net', 'contact@supercomnet.com', '9876500006', 'Supercom Net Private Limited');
INSERT INTO Sellers (seller_id, name, email, phone, business_name) VALUES (7, 'RetailNet', 'contact@retailnet.com', '9876500007', 'RetailNet Private Limited');
INSERT INTO Sellers (seller_id, name, email, phone, business_name) VALUES (8, 'Kay Kay Deals', 'contact@kaykaydeals.com', '9876500008', 'Kay Kay Deals Private Limited');
INSERT INTO Sellers (seller_id, name, email, phone, business_name) VALUES (9, 'Cocoblu Retail', 'contact@cocobluretail.com', '9876500009', 'Cocoblu Retail Private Limited');
INSERT INTO Sellers (seller_id, name, email, phone, business_name) VALUES (10, 'Darshita Electronics', 'contact@darshitaelectronics.com', '9876500010', 'Darshita Electronics Private Limited');
SELECT setval('sellers_seller_id_seq', COALESCE((SELECT MAX(seller_id)+1 FROM Sellers), 1), false);

-- Categories
INSERT INTO Categories (category_id, name, parent_id) VALUES (1, 'Electronics', NULL);
INSERT INTO Categories (category_id, name, parent_id) VALUES (2, 'Mobile Phones', 1);
INSERT INTO Categories (category_id, name, parent_id) VALUES (3, 'Audio', 1);
INSERT INTO Categories (category_id, name, parent_id) VALUES (4, 'Fashion', NULL);
INSERT INTO Categories (category_id, name, parent_id) VALUES (5, 'Clothing', 4);
INSERT INTO Categories (category_id, name, parent_id) VALUES (6, 'Footwear', 4);
INSERT INTO Categories (category_id, name, parent_id) VALUES (7, 'Computers', NULL);
INSERT INTO Categories (category_id, name, parent_id) VALUES (8, 'Laptops', 7);
INSERT INTO Categories (category_id, name, parent_id) VALUES (9, 'Accessories', 7);
INSERT INTO Categories (category_id, name, parent_id) VALUES (10, 'Home & Kitchen', NULL);
SELECT setval('categories_category_id_seq', COALESCE((SELECT MAX(category_id)+1 FROM Categories), 1), false);

-- Products (Stock quantities are pre-sale values; triggers will decrement them on Order_Items insert)
INSERT INTO Products (product_id, seller_id, category_id, name, price, stock_qty) VALUES (1, 1, 2, 'iPhone 15 Pro', 109999.0, 173);
INSERT INTO Products (product_id, seller_id, category_id, name, price, stock_qty) VALUES (2, 2, 2, 'Samsung Galaxy S24 Ultra', 124999.0, 226);
INSERT INTO Products (product_id, seller_id, category_id, name, price, stock_qty) VALUES (3, 3, 2, 'OnePlus 12', 64999.0, 228);
INSERT INTO Products (product_id, seller_id, category_id, name, price, stock_qty) VALUES (4, 9, 2, 'Google Pixel 8 Pro', 93999.0, 191);
INSERT INTO Products (product_id, seller_id, category_id, name, price, stock_qty) VALUES (5, 8, 2, 'Redmi Note 13 Pro', 25999.0, 239);
INSERT INTO Products (product_id, seller_id, category_id, name, price, stock_qty) VALUES (6, 7, 3, 'Sony WH-1000XM5', 29999.0, 250);
INSERT INTO Products (product_id, seller_id, category_id, name, price, stock_qty) VALUES (7, 8, 3, 'Bose QuietComfort Ultra', 35999.0, 150);
INSERT INTO Products (product_id, seller_id, category_id, name, price, stock_qty) VALUES (8, 8, 3, 'Apple AirPods Pro (2nd Gen)', 24999.0, 225);
INSERT INTO Products (product_id, seller_id, category_id, name, price, stock_qty) VALUES (9, 5, 3, 'Boat Airdopes 141', 1499.0, 173);
INSERT INTO Products (product_id, seller_id, category_id, name, price, stock_qty) VALUES (10, 5, 3, 'JBL Flip 6 Speaker', 9999.0, 243);
INSERT INTO Products (product_id, seller_id, category_id, name, price, stock_qty) VALUES (11, 8, 5, 'Levi's 511 Slim Fit Jeans', 3499.0, 171);
INSERT INTO Products (product_id, seller_id, category_id, name, price, stock_qty) VALUES (12, 5, 5, 'Nike Windrunner Jacket', 4999.0, 222);
INSERT INTO Products (product_id, seller_id, category_id, name, price, stock_qty) VALUES (13, 2, 5, 'Adidas Originals Hoodie', 3999.0, 183);
INSERT INTO Products (product_id, seller_id, category_id, name, price, stock_qty) VALUES (14, 4, 5, 'Zara Cotton Oxford Shirt', 2499.0, 179);
INSERT INTO Products (product_id, seller_id, category_id, name, price, stock_qty) VALUES (15, 6, 5, 'Puma Classic Sports Tee', 1299.0, 191);
INSERT INTO Products (product_id, seller_id, category_id, name, price, stock_qty) VALUES (16, 9, 6, 'Nike Air Max 90', 9999.0, 130);
INSERT INTO Products (product_id, seller_id, category_id, name, price, stock_qty) VALUES (17, 3, 6, 'Adidas Ultraboost Light', 17999.0, 148);
INSERT INTO Products (product_id, seller_id, category_id, name, price, stock_qty) VALUES (18, 4, 6, 'Puma Suede Classic', 5999.0, 208);
INSERT INTO Products (product_id, seller_id, category_id, name, price, stock_qty) VALUES (19, 3, 6, 'Crocs Classic Clogs', 2999.0, 164);
INSERT INTO Products (product_id, seller_id, category_id, name, price, stock_qty) VALUES (20, 2, 6, 'Birkenstock Arizona Sandals', 8999.0, 216);
INSERT INTO Products (product_id, seller_id, category_id, name, price, stock_qty) VALUES (21, 7, 8, 'Apple MacBook Air M3', 114900.0, 194);
INSERT INTO Products (product_id, seller_id, category_id, name, price, stock_qty) VALUES (22, 9, 8, 'Apple MacBook Pro 16 M3 Max', 349900.0, 229);
INSERT INTO Products (product_id, seller_id, category_id, name, price, stock_qty) VALUES (23, 7, 8, 'Dell XPS 13', 129999.0, 125);
INSERT INTO Products (product_id, seller_id, category_id, name, price, stock_qty) VALUES (24, 4, 8, 'Lenovo ThinkPad X1 Carbon', 159999.0, 217);
INSERT INTO Products (product_id, seller_id, category_id, name, price, stock_qty) VALUES (25, 7, 8, 'ASUS ROG Zephyrus G14', 144999.0, 115);
INSERT INTO Products (product_id, seller_id, category_id, name, price, stock_qty) VALUES (26, 10, 9, 'Logitech MX Master 3S', 9499.0, 207);
INSERT INTO Products (product_id, seller_id, category_id, name, price, stock_qty) VALUES (27, 8, 9, 'Keychron K2 Mechanical Keyboard', 7999.0, 111);
INSERT INTO Products (product_id, seller_id, category_id, name, price, stock_qty) VALUES (28, 6, 9, 'Samsung T7 2TB Portable SSD', 14999.0, 186);
INSERT INTO Products (product_id, seller_id, category_id, name, price, stock_qty) VALUES (29, 7, 9, 'LG 27-inch Ultrawide Monitor', 19999.0, 217);
INSERT INTO Products (product_id, seller_id, category_id, name, price, stock_qty) VALUES (30, 9, 9, 'Anker 737 Power Bank', 8999.0, 249);
INSERT INTO Products (product_id, seller_id, category_id, name, price, stock_qty) VALUES (31, 10, 10, 'Instant Pot Duo 7-in-1', 8999.0, 166);
INSERT INTO Products (product_id, seller_id, category_id, name, price, stock_qty) VALUES (32, 8, 10, 'Philips Air Fryer HD9200', 6999.0, 166);
INSERT INTO Products (product_id, seller_id, category_id, name, price, stock_qty) VALUES (33, 5, 10, 'Dyson V11 Absolute Vacuum', 49900.0, 221);
INSERT INTO Products (product_id, seller_id, category_id, name, price, stock_qty) VALUES (34, 8, 10, 'Ninja Professional Blender', 11999.0, 117);
INSERT INTO Products (product_id, seller_id, category_id, name, price, stock_qty) VALUES (35, 7, 10, 'Philips Garment Steamer', 3499.0, 196);
SELECT setval('products_product_id_seq', COALESCE((SELECT MAX(product_id)+1 FROM Products), 1), false);

-- Tags
INSERT INTO Tags (tag_id, name) VALUES (1, 'Premium');
INSERT INTO Tags (tag_id, name) VALUES (2, 'Bestseller');
INSERT INTO Tags (tag_id, name) VALUES (3, 'New Arrival');
INSERT INTO Tags (tag_id, name) VALUES (4, 'Wireless');
INSERT INTO Tags (tag_id, name) VALUES (5, 'Eco-friendly');
INSERT INTO Tags (tag_id, name) VALUES (6, 'Durable');
INSERT INTO Tags (tag_id, name) VALUES (7, 'Comfort');
INSERT INTO Tags (tag_id, name) VALUES (8, 'Smart');
SELECT setval('tags_tag_id_seq', COALESCE((SELECT MAX(tag_id)+1 FROM Tags), 1), false);

-- Product Tags
INSERT INTO Product_Tags (product_id, tag_id) VALUES (1, 7);
INSERT INTO Product_Tags (product_id, tag_id) VALUES (1, 6);
INSERT INTO Product_Tags (product_id, tag_id) VALUES (1, 2);
INSERT INTO Product_Tags (product_id, tag_id) VALUES (2, 3);
INSERT INTO Product_Tags (product_id, tag_id) VALUES (2, 5);
INSERT INTO Product_Tags (product_id, tag_id) VALUES (3, 1);
INSERT INTO Product_Tags (product_id, tag_id) VALUES (3, 4);
INSERT INTO Product_Tags (product_id, tag_id) VALUES (3, 5);
INSERT INTO Product_Tags (product_id, tag_id) VALUES (4, 1);
INSERT INTO Product_Tags (product_id, tag_id) VALUES (4, 8);
INSERT INTO Product_Tags (product_id, tag_id) VALUES (4, 6);
INSERT INTO Product_Tags (product_id, tag_id) VALUES (5, 3);
INSERT INTO Product_Tags (product_id, tag_id) VALUES (5, 7);
INSERT INTO Product_Tags (product_id, tag_id) VALUES (6, 3);
INSERT INTO Product_Tags (product_id, tag_id) VALUES (6, 1);
INSERT INTO Product_Tags (product_id, tag_id) VALUES (7, 7);
INSERT INTO Product_Tags (product_id, tag_id) VALUES (7, 3);
INSERT INTO Product_Tags (product_id, tag_id) VALUES (8, 8);
INSERT INTO Product_Tags (product_id, tag_id) VALUES (9, 6);
INSERT INTO Product_Tags (product_id, tag_id) VALUES (9, 7);
INSERT INTO Product_Tags (product_id, tag_id) VALUES (10, 5);
INSERT INTO Product_Tags (product_id, tag_id) VALUES (10, 7);
INSERT INTO Product_Tags (product_id, tag_id) VALUES (11, 5);
INSERT INTO Product_Tags (product_id, tag_id) VALUES (11, 7);
INSERT INTO Product_Tags (product_id, tag_id) VALUES (12, 8);
INSERT INTO Product_Tags (product_id, tag_id) VALUES (13, 1);
INSERT INTO Product_Tags (product_id, tag_id) VALUES (14, 4);
INSERT INTO Product_Tags (product_id, tag_id) VALUES (14, 6);
INSERT INTO Product_Tags (product_id, tag_id) VALUES (15, 1);
INSERT INTO Product_Tags (product_id, tag_id) VALUES (16, 4);
INSERT INTO Product_Tags (product_id, tag_id) VALUES (17, 1);
INSERT INTO Product_Tags (product_id, tag_id) VALUES (18, 3);
INSERT INTO Product_Tags (product_id, tag_id) VALUES (18, 2);
INSERT INTO Product_Tags (product_id, tag_id) VALUES (18, 7);
INSERT INTO Product_Tags (product_id, tag_id) VALUES (19, 2);
INSERT INTO Product_Tags (product_id, tag_id) VALUES (19, 5);
INSERT INTO Product_Tags (product_id, tag_id) VALUES (20, 8);
INSERT INTO Product_Tags (product_id, tag_id) VALUES (21, 5);
INSERT INTO Product_Tags (product_id, tag_id) VALUES (21, 7);
INSERT INTO Product_Tags (product_id, tag_id) VALUES (21, 3);
INSERT INTO Product_Tags (product_id, tag_id) VALUES (22, 2);
INSERT INTO Product_Tags (product_id, tag_id) VALUES (23, 5);
INSERT INTO Product_Tags (product_id, tag_id) VALUES (24, 1);
INSERT INTO Product_Tags (product_id, tag_id) VALUES (25, 7);
INSERT INTO Product_Tags (product_id, tag_id) VALUES (25, 4);
INSERT INTO Product_Tags (product_id, tag_id) VALUES (26, 4);
INSERT INTO Product_Tags (product_id, tag_id) VALUES (26, 1);
INSERT INTO Product_Tags (product_id, tag_id) VALUES (26, 5);
INSERT INTO Product_Tags (product_id, tag_id) VALUES (27, 4);
INSERT INTO Product_Tags (product_id, tag_id) VALUES (27, 1);
INSERT INTO Product_Tags (product_id, tag_id) VALUES (27, 6);
INSERT INTO Product_Tags (product_id, tag_id) VALUES (28, 2);
INSERT INTO Product_Tags (product_id, tag_id) VALUES (28, 7);
INSERT INTO Product_Tags (product_id, tag_id) VALUES (29, 1);
INSERT INTO Product_Tags (product_id, tag_id) VALUES (29, 3);
INSERT INTO Product_Tags (product_id, tag_id) VALUES (29, 5);
INSERT INTO Product_Tags (product_id, tag_id) VALUES (30, 6);
INSERT INTO Product_Tags (product_id, tag_id) VALUES (30, 1);
INSERT INTO Product_Tags (product_id, tag_id) VALUES (31, 6);
INSERT INTO Product_Tags (product_id, tag_id) VALUES (31, 1);
INSERT INTO Product_Tags (product_id, tag_id) VALUES (31, 4);
INSERT INTO Product_Tags (product_id, tag_id) VALUES (32, 2);
INSERT INTO Product_Tags (product_id, tag_id) VALUES (32, 4);
INSERT INTO Product_Tags (product_id, tag_id) VALUES (33, 8);
INSERT INTO Product_Tags (product_id, tag_id) VALUES (33, 6);
INSERT INTO Product_Tags (product_id, tag_id) VALUES (34, 7);
INSERT INTO Product_Tags (product_id, tag_id) VALUES (35, 5);

-- Coupons
INSERT INTO Coupons (coupon_id, code, discount_type, discount_value, min_order_amount, active, expires_at) VALUES (1, 'WELCOME10', 'percentage', 10.0, 0.0, TRUE, NULL);
INSERT INTO Coupons (coupon_id, code, discount_type, discount_value, min_order_amount, active, expires_at) VALUES (2, 'SAVE500', 'fixed', 500.0, 3000.0, TRUE, NULL);
INSERT INTO Coupons (coupon_id, code, discount_type, discount_value, min_order_amount, active, expires_at) VALUES (3, 'BIGDEAL25', 'percentage', 25.0, 5000.0, TRUE, CURRENT_TIMESTAMP + INTERVAL '60 days');
INSERT INTO Coupons (coupon_id, code, discount_type, discount_value, min_order_amount, active, expires_at) VALUES (4, 'FESTIVE15', 'percentage', 15.0, 1000.0, TRUE, CURRENT_TIMESTAMP + INTERVAL '90 days');
INSERT INTO Coupons (coupon_id, code, discount_type, discount_value, min_order_amount, active, expires_at) VALUES (5, 'FLASH50', 'percentage', 50.0, 10000.0, TRUE, CURRENT_TIMESTAMP - INTERVAL '5 days');
INSERT INTO Coupons (coupon_id, code, discount_type, discount_value, min_order_amount, active, expires_at) VALUES (6, 'SUPER1000', 'fixed', 1000.0, 8000.0, TRUE, NULL);
INSERT INTO Coupons (coupon_id, code, discount_type, discount_value, min_order_amount, active, expires_at) VALUES (7, 'MOBILE5', 'percentage', 5.0, 20000.0, TRUE, NULL);
INSERT INTO Coupons (coupon_id, code, discount_type, discount_value, min_order_amount, active, expires_at) VALUES (8, 'CLOTHING20', 'percentage', 20.0, 2000.0, TRUE, NULL);
INSERT INTO Coupons (coupon_id, code, discount_type, discount_value, min_order_amount, active, expires_at) VALUES (9, 'EXPIRED100', 'fixed', 100.0, 500.0, FALSE, NULL);
INSERT INTO Coupons (coupon_id, code, discount_type, discount_value, min_order_amount, active, expires_at) VALUES (10, 'FREESHIP', 'fixed', 150.0, 1500.0, TRUE, NULL);
SELECT setval('coupons_coupon_id_seq', COALESCE((SELECT MAX(coupon_id)+1 FROM Coupons), 1), false);

-- Carts & Wishlists (Session state)
INSERT INTO Carts (cart_id, user_id) VALUES (1, 1);
INSERT INTO Wishlists (wishlist_id, user_id) VALUES (1, 1);
INSERT INTO Carts (cart_id, user_id) VALUES (2, 2);
INSERT INTO Wishlists (wishlist_id, user_id) VALUES (2, 2);
INSERT INTO Carts (cart_id, user_id) VALUES (3, 3);
INSERT INTO Wishlists (wishlist_id, user_id) VALUES (3, 3);
INSERT INTO Carts (cart_id, user_id) VALUES (4, 4);
INSERT INTO Wishlists (wishlist_id, user_id) VALUES (4, 4);
INSERT INTO Carts (cart_id, user_id) VALUES (5, 5);
INSERT INTO Wishlists (wishlist_id, user_id) VALUES (5, 5);
INSERT INTO Carts (cart_id, user_id) VALUES (6, 6);
INSERT INTO Wishlists (wishlist_id, user_id) VALUES (6, 6);
INSERT INTO Carts (cart_id, user_id) VALUES (7, 7);
INSERT INTO Wishlists (wishlist_id, user_id) VALUES (7, 7);
INSERT INTO Carts (cart_id, user_id) VALUES (8, 8);
INSERT INTO Wishlists (wishlist_id, user_id) VALUES (8, 8);
INSERT INTO Carts (cart_id, user_id) VALUES (9, 9);
INSERT INTO Wishlists (wishlist_id, user_id) VALUES (9, 9);
INSERT INTO Carts (cart_id, user_id) VALUES (10, 10);
INSERT INTO Wishlists (wishlist_id, user_id) VALUES (10, 10);
INSERT INTO Carts (cart_id, user_id) VALUES (11, 11);
INSERT INTO Wishlists (wishlist_id, user_id) VALUES (11, 11);
INSERT INTO Carts (cart_id, user_id) VALUES (12, 12);
INSERT INTO Wishlists (wishlist_id, user_id) VALUES (12, 12);
INSERT INTO Carts (cart_id, user_id) VALUES (13, 13);
INSERT INTO Wishlists (wishlist_id, user_id) VALUES (13, 13);
INSERT INTO Carts (cart_id, user_id) VALUES (14, 14);
INSERT INTO Wishlists (wishlist_id, user_id) VALUES (14, 14);
INSERT INTO Carts (cart_id, user_id) VALUES (15, 15);
INSERT INTO Wishlists (wishlist_id, user_id) VALUES (15, 15);
INSERT INTO Carts (cart_id, user_id) VALUES (16, 16);
INSERT INTO Wishlists (wishlist_id, user_id) VALUES (16, 16);
INSERT INTO Carts (cart_id, user_id) VALUES (17, 17);
INSERT INTO Wishlists (wishlist_id, user_id) VALUES (17, 17);
INSERT INTO Carts (cart_id, user_id) VALUES (18, 18);
INSERT INTO Wishlists (wishlist_id, user_id) VALUES (18, 18);
INSERT INTO Carts (cart_id, user_id) VALUES (19, 19);
INSERT INTO Wishlists (wishlist_id, user_id) VALUES (19, 19);
INSERT INTO Carts (cart_id, user_id) VALUES (20, 20);
INSERT INTO Wishlists (wishlist_id, user_id) VALUES (20, 20);
INSERT INTO Carts (cart_id, user_id) VALUES (21, 21);
INSERT INTO Wishlists (wishlist_id, user_id) VALUES (21, 21);
INSERT INTO Carts (cart_id, user_id) VALUES (22, 22);
INSERT INTO Wishlists (wishlist_id, user_id) VALUES (22, 22);
INSERT INTO Carts (cart_id, user_id) VALUES (23, 23);
INSERT INTO Wishlists (wishlist_id, user_id) VALUES (23, 23);
INSERT INTO Carts (cart_id, user_id) VALUES (24, 24);
INSERT INTO Wishlists (wishlist_id, user_id) VALUES (24, 24);
INSERT INTO Carts (cart_id, user_id) VALUES (25, 25);
INSERT INTO Wishlists (wishlist_id, user_id) VALUES (25, 25);
INSERT INTO Carts (cart_id, user_id) VALUES (26, 26);
INSERT INTO Wishlists (wishlist_id, user_id) VALUES (26, 26);
INSERT INTO Carts (cart_id, user_id) VALUES (27, 27);
INSERT INTO Wishlists (wishlist_id, user_id) VALUES (27, 27);
INSERT INTO Carts (cart_id, user_id) VALUES (28, 28);
INSERT INTO Wishlists (wishlist_id, user_id) VALUES (28, 28);
INSERT INTO Carts (cart_id, user_id) VALUES (29, 29);
INSERT INTO Wishlists (wishlist_id, user_id) VALUES (29, 29);
INSERT INTO Carts (cart_id, user_id) VALUES (30, 30);
INSERT INTO Wishlists (wishlist_id, user_id) VALUES (30, 30);
INSERT INTO Carts (cart_id, user_id) VALUES (31, 31);
INSERT INTO Wishlists (wishlist_id, user_id) VALUES (31, 31);
INSERT INTO Carts (cart_id, user_id) VALUES (32, 32);
INSERT INTO Wishlists (wishlist_id, user_id) VALUES (32, 32);
INSERT INTO Carts (cart_id, user_id) VALUES (33, 33);
INSERT INTO Wishlists (wishlist_id, user_id) VALUES (33, 33);
INSERT INTO Carts (cart_id, user_id) VALUES (34, 34);
INSERT INTO Wishlists (wishlist_id, user_id) VALUES (34, 34);
INSERT INTO Carts (cart_id, user_id) VALUES (35, 35);
INSERT INTO Wishlists (wishlist_id, user_id) VALUES (35, 35);
INSERT INTO Carts (cart_id, user_id) VALUES (36, 36);
INSERT INTO Wishlists (wishlist_id, user_id) VALUES (36, 36);
INSERT INTO Carts (cart_id, user_id) VALUES (37, 37);
INSERT INTO Wishlists (wishlist_id, user_id) VALUES (37, 37);
INSERT INTO Carts (cart_id, user_id) VALUES (38, 38);
INSERT INTO Wishlists (wishlist_id, user_id) VALUES (38, 38);
INSERT INTO Carts (cart_id, user_id) VALUES (39, 39);
INSERT INTO Wishlists (wishlist_id, user_id) VALUES (39, 39);
INSERT INTO Carts (cart_id, user_id) VALUES (40, 40);
INSERT INTO Wishlists (wishlist_id, user_id) VALUES (40, 40);
INSERT INTO Carts (cart_id, user_id) VALUES (41, 41);
INSERT INTO Wishlists (wishlist_id, user_id) VALUES (41, 41);
INSERT INTO Carts (cart_id, user_id) VALUES (42, 42);
INSERT INTO Wishlists (wishlist_id, user_id) VALUES (42, 42);
INSERT INTO Carts (cart_id, user_id) VALUES (43, 43);
INSERT INTO Wishlists (wishlist_id, user_id) VALUES (43, 43);
INSERT INTO Carts (cart_id, user_id) VALUES (44, 44);
INSERT INTO Wishlists (wishlist_id, user_id) VALUES (44, 44);
INSERT INTO Carts (cart_id, user_id) VALUES (45, 45);
INSERT INTO Wishlists (wishlist_id, user_id) VALUES (45, 45);
INSERT INTO Carts (cart_id, user_id) VALUES (46, 46);
INSERT INTO Wishlists (wishlist_id, user_id) VALUES (46, 46);
INSERT INTO Carts (cart_id, user_id) VALUES (47, 47);
INSERT INTO Wishlists (wishlist_id, user_id) VALUES (47, 47);
INSERT INTO Carts (cart_id, user_id) VALUES (48, 48);
INSERT INTO Wishlists (wishlist_id, user_id) VALUES (48, 48);
INSERT INTO Carts (cart_id, user_id) VALUES (49, 49);
INSERT INTO Wishlists (wishlist_id, user_id) VALUES (49, 49);
INSERT INTO Carts (cart_id, user_id) VALUES (50, 50);
INSERT INTO Wishlists (wishlist_id, user_id) VALUES (50, 50);
INSERT INTO Carts (cart_id, user_id) VALUES (51, 51);
INSERT INTO Wishlists (wishlist_id, user_id) VALUES (51, 51);
INSERT INTO Carts (cart_id, user_id) VALUES (52, 52);
INSERT INTO Wishlists (wishlist_id, user_id) VALUES (52, 52);
INSERT INTO Carts (cart_id, user_id) VALUES (53, 53);
INSERT INTO Wishlists (wishlist_id, user_id) VALUES (53, 53);
INSERT INTO Carts (cart_id, user_id) VALUES (54, 54);
INSERT INTO Wishlists (wishlist_id, user_id) VALUES (54, 54);
INSERT INTO Carts (cart_id, user_id) VALUES (55, 55);
INSERT INTO Wishlists (wishlist_id, user_id) VALUES (55, 55);
INSERT INTO Carts (cart_id, user_id) VALUES (56, 56);
INSERT INTO Wishlists (wishlist_id, user_id) VALUES (56, 56);
INSERT INTO Carts (cart_id, user_id) VALUES (57, 57);
INSERT INTO Wishlists (wishlist_id, user_id) VALUES (57, 57);
INSERT INTO Carts (cart_id, user_id) VALUES (58, 58);
INSERT INTO Wishlists (wishlist_id, user_id) VALUES (58, 58);
INSERT INTO Carts (cart_id, user_id) VALUES (59, 59);
INSERT INTO Wishlists (wishlist_id, user_id) VALUES (59, 59);
INSERT INTO Carts (cart_id, user_id) VALUES (60, 60);
INSERT INTO Wishlists (wishlist_id, user_id) VALUES (60, 60);
SELECT setval('carts_cart_id_seq', COALESCE((SELECT MAX(cart_id)+1 FROM Carts), 1), false);
SELECT setval('wishlists_wishlist_id_seq', COALESCE((SELECT MAX(wishlist_id)+1 FROM Wishlists), 1), false);

-- Cart Items
INSERT INTO Cart_Items (cart_item_id, cart_id, product_id, quantity) VALUES (1, 5, 10, 2);
INSERT INTO Cart_Items (cart_item_id, cart_id, product_id, quantity) VALUES (2, 5, 11, 1);
INSERT INTO Cart_Items (cart_item_id, cart_id, product_id, quantity) VALUES (3, 5, 21, 1);
INSERT INTO Cart_Items (cart_item_id, cart_id, product_id, quantity) VALUES (4, 6, 32, 2);
INSERT INTO Cart_Items (cart_item_id, cart_id, product_id, quantity) VALUES (5, 6, 6, 1);
INSERT INTO Cart_Items (cart_item_id, cart_id, product_id, quantity) VALUES (6, 6, 33, 2);
INSERT INTO Cart_Items (cart_item_id, cart_id, product_id, quantity) VALUES (7, 7, 33, 2);
INSERT INTO Cart_Items (cart_item_id, cart_id, product_id, quantity) VALUES (8, 8, 4, 2);
INSERT INTO Cart_Items (cart_item_id, cart_id, product_id, quantity) VALUES (9, 8, 30, 1);
INSERT INTO Cart_Items (cart_item_id, cart_id, product_id, quantity) VALUES (10, 9, 17, 1);
INSERT INTO Cart_Items (cart_item_id, cart_id, product_id, quantity) VALUES (11, 9, 1, 1);
INSERT INTO Cart_Items (cart_item_id, cart_id, product_id, quantity) VALUES (12, 10, 28, 2);
INSERT INTO Cart_Items (cart_item_id, cart_id, product_id, quantity) VALUES (13, 11, 5, 1);
INSERT INTO Cart_Items (cart_item_id, cart_id, product_id, quantity) VALUES (14, 11, 35, 2);
INSERT INTO Cart_Items (cart_item_id, cart_id, product_id, quantity) VALUES (15, 11, 4, 1);
INSERT INTO Cart_Items (cart_item_id, cart_id, product_id, quantity) VALUES (16, 12, 27, 1);
INSERT INTO Cart_Items (cart_item_id, cart_id, product_id, quantity) VALUES (17, 12, 12, 2);
INSERT INTO Cart_Items (cart_item_id, cart_id, product_id, quantity) VALUES (18, 13, 25, 2);
INSERT INTO Cart_Items (cart_item_id, cart_id, product_id, quantity) VALUES (19, 13, 29, 2);
INSERT INTO Cart_Items (cart_item_id, cart_id, product_id, quantity) VALUES (20, 14, 35, 1);
INSERT INTO Cart_Items (cart_item_id, cart_id, product_id, quantity) VALUES (21, 15, 23, 2);
INSERT INTO Cart_Items (cart_item_id, cart_id, product_id, quantity) VALUES (22, 15, 8, 1);
INSERT INTO Cart_Items (cart_item_id, cart_id, product_id, quantity) VALUES (23, 15, 12, 1);
INSERT INTO Cart_Items (cart_item_id, cart_id, product_id, quantity) VALUES (24, 16, 30, 2);
INSERT INTO Cart_Items (cart_item_id, cart_id, product_id, quantity) VALUES (25, 16, 35, 2);
INSERT INTO Cart_Items (cart_item_id, cart_id, product_id, quantity) VALUES (26, 17, 10, 1);
INSERT INTO Cart_Items (cart_item_id, cart_id, product_id, quantity) VALUES (27, 17, 18, 1);
INSERT INTO Cart_Items (cart_item_id, cart_id, product_id, quantity) VALUES (28, 18, 2, 1);
INSERT INTO Cart_Items (cart_item_id, cart_id, product_id, quantity) VALUES (29, 18, 16, 1);
INSERT INTO Cart_Items (cart_item_id, cart_id, product_id, quantity) VALUES (30, 18, 14, 1);
INSERT INTO Cart_Items (cart_item_id, cart_id, product_id, quantity) VALUES (31, 19, 15, 1);
INSERT INTO Cart_Items (cart_item_id, cart_id, product_id, quantity) VALUES (32, 19, 35, 1);
SELECT setval('cart_items_cart_item_id_seq', COALESCE((SELECT MAX(cart_item_id)+1 FROM Cart_Items), 1), false);

-- Wishlist Items
INSERT INTO Wishlist_Items (wishlist_item_id, wishlist_id, product_id) VALUES (1, 15, 2);
INSERT INTO Wishlist_Items (wishlist_item_id, wishlist_id, product_id) VALUES (2, 16, 16);
INSERT INTO Wishlist_Items (wishlist_item_id, wishlist_id, product_id) VALUES (3, 16, 30);
INSERT INTO Wishlist_Items (wishlist_item_id, wishlist_id, product_id) VALUES (4, 17, 27);
INSERT INTO Wishlist_Items (wishlist_item_id, wishlist_id, product_id) VALUES (5, 18, 4);
INSERT INTO Wishlist_Items (wishlist_item_id, wishlist_id, product_id) VALUES (6, 18, 16);
INSERT INTO Wishlist_Items (wishlist_item_id, wishlist_id, product_id) VALUES (7, 18, 3);
INSERT INTO Wishlist_Items (wishlist_item_id, wishlist_id, product_id) VALUES (8, 18, 26);
INSERT INTO Wishlist_Items (wishlist_item_id, wishlist_id, product_id) VALUES (9, 19, 33);
INSERT INTO Wishlist_Items (wishlist_item_id, wishlist_id, product_id) VALUES (10, 19, 19);
INSERT INTO Wishlist_Items (wishlist_item_id, wishlist_id, product_id) VALUES (11, 20, 21);
INSERT INTO Wishlist_Items (wishlist_item_id, wishlist_id, product_id) VALUES (12, 20, 16);
INSERT INTO Wishlist_Items (wishlist_item_id, wishlist_id, product_id) VALUES (13, 21, 10);
INSERT INTO Wishlist_Items (wishlist_item_id, wishlist_id, product_id) VALUES (14, 21, 34);
INSERT INTO Wishlist_Items (wishlist_item_id, wishlist_id, product_id) VALUES (15, 21, 15);
INSERT INTO Wishlist_Items (wishlist_item_id, wishlist_id, product_id) VALUES (16, 22, 20);
INSERT INTO Wishlist_Items (wishlist_item_id, wishlist_id, product_id) VALUES (17, 22, 18);
INSERT INTO Wishlist_Items (wishlist_item_id, wishlist_id, product_id) VALUES (18, 22, 4);
INSERT INTO Wishlist_Items (wishlist_item_id, wishlist_id, product_id) VALUES (19, 22, 12);
INSERT INTO Wishlist_Items (wishlist_item_id, wishlist_id, product_id) VALUES (20, 23, 32);
INSERT INTO Wishlist_Items (wishlist_item_id, wishlist_id, product_id) VALUES (21, 23, 4);
INSERT INTO Wishlist_Items (wishlist_item_id, wishlist_id, product_id) VALUES (22, 23, 23);
INSERT INTO Wishlist_Items (wishlist_item_id, wishlist_id, product_id) VALUES (23, 23, 25);
INSERT INTO Wishlist_Items (wishlist_item_id, wishlist_id, product_id) VALUES (24, 24, 27);
INSERT INTO Wishlist_Items (wishlist_item_id, wishlist_id, product_id) VALUES (25, 24, 10);
INSERT INTO Wishlist_Items (wishlist_item_id, wishlist_id, product_id) VALUES (26, 24, 20);
INSERT INTO Wishlist_Items (wishlist_item_id, wishlist_id, product_id) VALUES (27, 25, 12);
INSERT INTO Wishlist_Items (wishlist_item_id, wishlist_id, product_id) VALUES (28, 25, 35);
INSERT INTO Wishlist_Items (wishlist_item_id, wishlist_id, product_id) VALUES (29, 25, 31);
INSERT INTO Wishlist_Items (wishlist_item_id, wishlist_id, product_id) VALUES (30, 25, 16);
INSERT INTO Wishlist_Items (wishlist_item_id, wishlist_id, product_id) VALUES (31, 26, 20);
INSERT INTO Wishlist_Items (wishlist_item_id, wishlist_id, product_id) VALUES (32, 26, 10);
INSERT INTO Wishlist_Items (wishlist_item_id, wishlist_id, product_id) VALUES (33, 27, 4);
INSERT INTO Wishlist_Items (wishlist_item_id, wishlist_id, product_id) VALUES (34, 27, 27);
INSERT INTO Wishlist_Items (wishlist_item_id, wishlist_id, product_id) VALUES (35, 27, 34);
INSERT INTO Wishlist_Items (wishlist_item_id, wishlist_id, product_id) VALUES (36, 27, 9);
INSERT INTO Wishlist_Items (wishlist_item_id, wishlist_id, product_id) VALUES (37, 28, 16);
INSERT INTO Wishlist_Items (wishlist_item_id, wishlist_id, product_id) VALUES (38, 28, 17);
INSERT INTO Wishlist_Items (wishlist_item_id, wishlist_id, product_id) VALUES (39, 28, 14);
INSERT INTO Wishlist_Items (wishlist_item_id, wishlist_id, product_id) VALUES (40, 28, 22);
INSERT INTO Wishlist_Items (wishlist_item_id, wishlist_id, product_id) VALUES (41, 29, 29);
INSERT INTO Wishlist_Items (wishlist_item_id, wishlist_id, product_id) VALUES (42, 30, 6);
INSERT INTO Wishlist_Items (wishlist_item_id, wishlist_id, product_id) VALUES (43, 30, 35);
INSERT INTO Wishlist_Items (wishlist_item_id, wishlist_id, product_id) VALUES (44, 30, 13);
INSERT INTO Wishlist_Items (wishlist_item_id, wishlist_id, product_id) VALUES (45, 31, 18);
INSERT INTO Wishlist_Items (wishlist_item_id, wishlist_id, product_id) VALUES (46, 32, 3);
INSERT INTO Wishlist_Items (wishlist_item_id, wishlist_id, product_id) VALUES (47, 32, 5);
INSERT INTO Wishlist_Items (wishlist_item_id, wishlist_id, product_id) VALUES (48, 32, 13);
INSERT INTO Wishlist_Items (wishlist_item_id, wishlist_id, product_id) VALUES (49, 32, 14);
INSERT INTO Wishlist_Items (wishlist_item_id, wishlist_id, product_id) VALUES (50, 33, 14);
INSERT INTO Wishlist_Items (wishlist_item_id, wishlist_id, product_id) VALUES (51, 33, 22);
INSERT INTO Wishlist_Items (wishlist_item_id, wishlist_id, product_id) VALUES (52, 33, 20);
INSERT INTO Wishlist_Items (wishlist_item_id, wishlist_id, product_id) VALUES (53, 33, 1);
INSERT INTO Wishlist_Items (wishlist_item_id, wishlist_id, product_id) VALUES (54, 34, 13);
INSERT INTO Wishlist_Items (wishlist_item_id, wishlist_id, product_id) VALUES (55, 34, 8);
INSERT INTO Wishlist_Items (wishlist_item_id, wishlist_id, product_id) VALUES (56, 35, 16);
INSERT INTO Wishlist_Items (wishlist_item_id, wishlist_id, product_id) VALUES (57, 35, 14);
INSERT INTO Wishlist_Items (wishlist_item_id, wishlist_id, product_id) VALUES (58, 35, 26);
INSERT INTO Wishlist_Items (wishlist_item_id, wishlist_id, product_id) VALUES (59, 35, 21);
INSERT INTO Wishlist_Items (wishlist_item_id, wishlist_id, product_id) VALUES (60, 36, 25);
INSERT INTO Wishlist_Items (wishlist_item_id, wishlist_id, product_id) VALUES (61, 36, 30);
INSERT INTO Wishlist_Items (wishlist_item_id, wishlist_id, product_id) VALUES (62, 36, 35);
INSERT INTO Wishlist_Items (wishlist_item_id, wishlist_id, product_id) VALUES (63, 37, 20);
INSERT INTO Wishlist_Items (wishlist_item_id, wishlist_id, product_id) VALUES (64, 37, 17);
INSERT INTO Wishlist_Items (wishlist_item_id, wishlist_id, product_id) VALUES (65, 37, 24);
INSERT INTO Wishlist_Items (wishlist_item_id, wishlist_id, product_id) VALUES (66, 38, 30);
INSERT INTO Wishlist_Items (wishlist_item_id, wishlist_id, product_id) VALUES (67, 38, 7);
INSERT INTO Wishlist_Items (wishlist_item_id, wishlist_id, product_id) VALUES (68, 38, 31);
INSERT INTO Wishlist_Items (wishlist_item_id, wishlist_id, product_id) VALUES (69, 38, 21);
INSERT INTO Wishlist_Items (wishlist_item_id, wishlist_id, product_id) VALUES (70, 39, 24);
INSERT INTO Wishlist_Items (wishlist_item_id, wishlist_id, product_id) VALUES (71, 39, 21);
SELECT setval('wishlist_items_wishlist_item_id_seq', COALESCE((SELECT MAX(wishlist_item_id)+1 FROM Wishlist_Items), 1), false);

-- Initial Stock Movements (Ledger entries)
INSERT INTO Stock_Movements (movement_id, product_id, quantity_changed, reason) VALUES (1, 1, 73, 'Initial Restock');
INSERT INTO Stock_Movements (movement_id, product_id, quantity_changed, reason) VALUES (2, 2, 126, 'Initial Restock');
INSERT INTO Stock_Movements (movement_id, product_id, quantity_changed, reason) VALUES (3, 3, 128, 'Initial Restock');
INSERT INTO Stock_Movements (movement_id, product_id, quantity_changed, reason) VALUES (4, 4, 91, 'Initial Restock');
INSERT INTO Stock_Movements (movement_id, product_id, quantity_changed, reason) VALUES (5, 5, 139, 'Initial Restock');
INSERT INTO Stock_Movements (movement_id, product_id, quantity_changed, reason) VALUES (6, 6, 150, 'Initial Restock');
INSERT INTO Stock_Movements (movement_id, product_id, quantity_changed, reason) VALUES (7, 7, 50, 'Initial Restock');
INSERT INTO Stock_Movements (movement_id, product_id, quantity_changed, reason) VALUES (8, 8, 125, 'Initial Restock');
INSERT INTO Stock_Movements (movement_id, product_id, quantity_changed, reason) VALUES (9, 9, 73, 'Initial Restock');
INSERT INTO Stock_Movements (movement_id, product_id, quantity_changed, reason) VALUES (10, 10, 143, 'Initial Restock');
INSERT INTO Stock_Movements (movement_id, product_id, quantity_changed, reason) VALUES (11, 11, 71, 'Initial Restock');
INSERT INTO Stock_Movements (movement_id, product_id, quantity_changed, reason) VALUES (12, 12, 122, 'Initial Restock');
INSERT INTO Stock_Movements (movement_id, product_id, quantity_changed, reason) VALUES (13, 13, 83, 'Initial Restock');
INSERT INTO Stock_Movements (movement_id, product_id, quantity_changed, reason) VALUES (14, 14, 79, 'Initial Restock');
INSERT INTO Stock_Movements (movement_id, product_id, quantity_changed, reason) VALUES (15, 15, 91, 'Initial Restock');
INSERT INTO Stock_Movements (movement_id, product_id, quantity_changed, reason) VALUES (16, 16, 30, 'Initial Restock');
INSERT INTO Stock_Movements (movement_id, product_id, quantity_changed, reason) VALUES (17, 17, 48, 'Initial Restock');
INSERT INTO Stock_Movements (movement_id, product_id, quantity_changed, reason) VALUES (18, 18, 108, 'Initial Restock');
INSERT INTO Stock_Movements (movement_id, product_id, quantity_changed, reason) VALUES (19, 19, 64, 'Initial Restock');
INSERT INTO Stock_Movements (movement_id, product_id, quantity_changed, reason) VALUES (20, 20, 116, 'Initial Restock');
INSERT INTO Stock_Movements (movement_id, product_id, quantity_changed, reason) VALUES (21, 21, 94, 'Initial Restock');
INSERT INTO Stock_Movements (movement_id, product_id, quantity_changed, reason) VALUES (22, 22, 129, 'Initial Restock');
INSERT INTO Stock_Movements (movement_id, product_id, quantity_changed, reason) VALUES (23, 23, 25, 'Initial Restock');
INSERT INTO Stock_Movements (movement_id, product_id, quantity_changed, reason) VALUES (24, 24, 117, 'Initial Restock');
INSERT INTO Stock_Movements (movement_id, product_id, quantity_changed, reason) VALUES (25, 25, 15, 'Initial Restock');
INSERT INTO Stock_Movements (movement_id, product_id, quantity_changed, reason) VALUES (26, 26, 107, 'Initial Restock');
INSERT INTO Stock_Movements (movement_id, product_id, quantity_changed, reason) VALUES (27, 27, 11, 'Initial Restock');
INSERT INTO Stock_Movements (movement_id, product_id, quantity_changed, reason) VALUES (28, 28, 86, 'Initial Restock');
INSERT INTO Stock_Movements (movement_id, product_id, quantity_changed, reason) VALUES (29, 29, 117, 'Initial Restock');
INSERT INTO Stock_Movements (movement_id, product_id, quantity_changed, reason) VALUES (30, 30, 149, 'Initial Restock');
INSERT INTO Stock_Movements (movement_id, product_id, quantity_changed, reason) VALUES (31, 31, 66, 'Initial Restock');
INSERT INTO Stock_Movements (movement_id, product_id, quantity_changed, reason) VALUES (32, 32, 66, 'Initial Restock');
INSERT INTO Stock_Movements (movement_id, product_id, quantity_changed, reason) VALUES (33, 33, 121, 'Initial Restock');
INSERT INTO Stock_Movements (movement_id, product_id, quantity_changed, reason) VALUES (34, 34, 17, 'Initial Restock');
INSERT INTO Stock_Movements (movement_id, product_id, quantity_changed, reason) VALUES (35, 35, 96, 'Initial Restock');
SELECT setval('stock_movements_movement_id_seq', COALESCE((SELECT MAX(movement_id)+1 FROM Stock_Movements), 1), false);

-- Orders (Triggers will fire upon subsequent inserts)
INSERT INTO Orders (order_id, user_id, coupon_id, order_date, status, total_amount) VALUES (1, 40, NULL, '2026-01-02 12:00:00+00', 'Shipped', 50995.0);
INSERT INTO Orders (order_id, user_id, coupon_id, order_date, status, total_amount) VALUES (2, 16, NULL, '2026-01-04 00:00:00+00', 'Shipped', 1114797.0);
INSERT INTO Orders (order_id, user_id, coupon_id, order_date, status, total_amount) VALUES (3, 18, NULL, '2026-01-05 12:00:00+00', 'Paid', 127997.0);
INSERT INTO Orders (order_id, user_id, coupon_id, order_date, status, total_amount) VALUES (4, 45, NULL, '2026-01-07 00:00:00+00', 'Delivered', 171996.0);
INSERT INTO Orders (order_id, user_id, coupon_id, order_date, status, total_amount) VALUES (5, 38, NULL, '2026-01-08 12:00:00+00', 'Delivered', 313994.0);
INSERT INTO Orders (order_id, user_id, coupon_id, order_date, status, total_amount) VALUES (6, 47, 8, '2026-01-10 00:00:00+00', 'Delivered', 2799.2);
INSERT INTO Orders (order_id, user_id, coupon_id, order_date, status, total_amount) VALUES (7, 54, NULL, '2026-01-11 12:00:00+00', 'Delivered', 159999.0);
INSERT INTO Orders (order_id, user_id, coupon_id, order_date, status, total_amount) VALUES (8, 3, NULL, '2026-01-13 00:00:00+00', 'Refunded', 87495.0);
INSERT INTO Orders (order_id, user_id, coupon_id, order_date, status, total_amount) VALUES (9, 4, 1, '2026-01-14 12:00:00+00', 'Delivered', 91796.4);
INSERT INTO Orders (order_id, user_id, coupon_id, order_date, status, total_amount) VALUES (10, 20, NULL, '2026-01-16 00:00:00+00', 'Delivered', 49998.0);
INSERT INTO Orders (order_id, user_id, coupon_id, order_date, status, total_amount) VALUES (11, 25, NULL, '2026-01-17 12:00:00+00', 'Delivered', 32997.0);
INSERT INTO Orders (order_id, user_id, coupon_id, order_date, status, total_amount) VALUES (12, 41, 8, '2026-01-19 00:00:00+00', 'Delivered', 34797.6);
INSERT INTO Orders (order_id, user_id, coupon_id, order_date, status, total_amount) VALUES (13, 3, NULL, '2026-01-20 12:00:00+00', 'Delivered', 46996.0);
INSERT INTO Orders (order_id, user_id, coupon_id, order_date, status, total_amount) VALUES (14, 10, 5, '2026-01-22 00:00:00+00', 'Paid', 12999.5);
INSERT INTO Orders (order_id, user_id, coupon_id, order_date, status, total_amount) VALUES (15, 29, NULL, '2026-01-23 12:00:00+00', 'Delivered', 42995.0);
INSERT INTO Orders (order_id, user_id, coupon_id, order_date, status, total_amount) VALUES (16, 17, NULL, '2026-01-25 00:00:00+00', 'Delivered', 249998.0);
INSERT INTO Orders (order_id, user_id, coupon_id, order_date, status, total_amount) VALUES (17, 42, NULL, '2026-01-26 12:00:00+00', 'Delivered', 24997.0);
INSERT INTO Orders (order_id, user_id, coupon_id, order_date, status, total_amount) VALUES (18, 43, NULL, '2026-01-28 00:00:00+00', 'Delivered', 699800.0);
INSERT INTO Orders (order_id, user_id, coupon_id, order_date, status, total_amount) VALUES (19, 3, NULL, '2026-01-29 12:00:00+00', 'Delivered', 247799.0);
INSERT INTO Orders (order_id, user_id, coupon_id, order_date, status, total_amount) VALUES (20, 4, NULL, '2026-01-31 00:00:00+00', 'Delivered', 26998.0);
INSERT INTO Orders (order_id, user_id, coupon_id, order_date, status, total_amount) VALUES (21, 57, NULL, '2026-02-01 12:00:00+00', 'Delivered', 124999.0);
INSERT INTO Orders (order_id, user_id, coupon_id, order_date, status, total_amount) VALUES (22, 27, NULL, '2026-02-03 00:00:00+00', 'Delivered', 8999.0);
INSERT INTO Orders (order_id, user_id, coupon_id, order_date, status, total_amount) VALUES (23, 19, NULL, '2026-02-04 12:00:00+00', 'Delivered', 24997.0);
INSERT INTO Orders (order_id, user_id, coupon_id, order_date, status, total_amount) VALUES (24, 59, NULL, '2026-02-06 00:00:00+00', 'Delivered', 66994.0);
INSERT INTO Orders (order_id, user_id, coupon_id, order_date, status, total_amount) VALUES (25, 38, NULL, '2026-02-07 12:00:00+00', 'Refunded', 39998.0);
INSERT INTO Orders (order_id, user_id, coupon_id, order_date, status, total_amount) VALUES (26, 30, 7, '2026-02-09 00:00:00+00', 'Pending', 18998.1);
INSERT INTO Orders (order_id, user_id, coupon_id, order_date, status, total_amount) VALUES (27, 46, 6, '2026-02-10 12:00:00+00', 'Paid', 298997.0);
INSERT INTO Orders (order_id, user_id, coupon_id, order_date, status, total_amount) VALUES (28, 7, 5, '2026-02-12 00:00:00+00', 'Delivered', 114998.5);
INSERT INTO Orders (order_id, user_id, coupon_id, order_date, status, total_amount) VALUES (29, 6, 5, '2026-02-13 12:00:00+00', 'Paid', 133448.5);
INSERT INTO Orders (order_id, user_id, coupon_id, order_date, status, total_amount) VALUES (30, 28, NULL, '2026-02-15 00:00:00+00', 'Cancelled', 12498.0);
INSERT INTO Orders (order_id, user_id, coupon_id, order_date, status, total_amount) VALUES (31, 23, NULL, '2026-02-16 12:00:00+00', 'Delivered', 19998.0);
INSERT INTO Orders (order_id, user_id, coupon_id, order_date, status, total_amount) VALUES (32, 6, NULL, '2026-02-18 00:00:00+00', 'Delivered', 16998.0);
INSERT INTO Orders (order_id, user_id, coupon_id, order_date, status, total_amount) VALUES (33, 43, NULL, '2026-02-19 12:00:00+00', 'Delivered', 6498.0);
INSERT INTO Orders (order_id, user_id, coupon_id, order_date, status, total_amount) VALUES (34, 28, 7, '2026-02-21 00:00:00+00', 'Delivered', 24696.2);
INSERT INTO Orders (order_id, user_id, coupon_id, order_date, status, total_amount) VALUES (35, 19, 1, '2026-02-22 12:00:00+00', 'Refunded', 17098.2);
INSERT INTO Orders (order_id, user_id, coupon_id, order_date, status, total_amount) VALUES (36, 54, NULL, '2026-02-24 00:00:00+00', 'Paid', 131298.0);
INSERT INTO Orders (order_id, user_id, coupon_id, order_date, status, total_amount) VALUES (37, 41, 5, '2026-02-25 12:00:00+00', 'Delivered', 51498.0);
INSERT INTO Orders (order_id, user_id, coupon_id, order_date, status, total_amount) VALUES (38, 13, NULL, '2026-02-27 00:00:00+00', 'Delivered', 431797.0);
INSERT INTO Orders (order_id, user_id, coupon_id, order_date, status, total_amount) VALUES (39, 56, 4, '2026-02-28 12:00:00+00', 'Delivered', 7649.15);
INSERT INTO Orders (order_id, user_id, coupon_id, order_date, status, total_amount) VALUES (40, 24, NULL, '2026-03-02 00:00:00+00', 'Delivered', 145997.0);
INSERT INTO Orders (order_id, user_id, coupon_id, order_date, status, total_amount) VALUES (41, 25, NULL, '2026-03-03 12:00:00+00', 'Shipped', 73297.0);
INSERT INTO Orders (order_id, user_id, coupon_id, order_date, status, total_amount) VALUES (42, 15, NULL, '2026-03-05 00:00:00+00', 'Delivered', 25997.0);
INSERT INTO Orders (order_id, user_id, coupon_id, order_date, status, total_amount) VALUES (43, 7, NULL, '2026-03-06 12:00:00+00', 'Delivered', 301995.0);
INSERT INTO Orders (order_id, user_id, coupon_id, order_date, status, total_amount) VALUES (44, 40, NULL, '2026-03-08 00:00:00+00', 'Delivered', 384997.0);
INSERT INTO Orders (order_id, user_id, coupon_id, order_date, status, total_amount) VALUES (45, 44, NULL, '2026-03-09 12:00:00+00', 'Delivered', 363496.0);
INSERT INTO Orders (order_id, user_id, coupon_id, order_date, status, total_amount) VALUES (46, 14, 10, '2026-03-11 00:00:00+00', 'Delivered', 568748.0);
INSERT INTO Orders (order_id, user_id, coupon_id, order_date, status, total_amount) VALUES (47, 22, 1, '2026-03-12 12:00:00+00', 'Shipped', 118796.4);
INSERT INTO Orders (order_id, user_id, coupon_id, order_date, status, total_amount) VALUES (48, 51, NULL, '2026-03-14 00:00:00+00', 'Shipped', 359798.0);
INSERT INTO Orders (order_id, user_id, coupon_id, order_date, status, total_amount) VALUES (49, 5, NULL, '2026-03-15 12:00:00+00', 'Delivered', 135799.0);
INSERT INTO Orders (order_id, user_id, coupon_id, order_date, status, total_amount) VALUES (50, 42, NULL, '2026-03-17 00:00:00+00', 'Cancelled', 39497.0);
INSERT INTO Orders (order_id, user_id, coupon_id, order_date, status, total_amount) VALUES (51, 58, NULL, '2026-03-18 12:00:00+00', 'Delivered', 74994.0);
INSERT INTO Orders (order_id, user_id, coupon_id, order_date, status, total_amount) VALUES (52, 33, NULL, '2026-03-20 00:00:00+00', 'Delivered', 24999.0);
INSERT INTO Orders (order_id, user_id, coupon_id, order_date, status, total_amount) VALUES (53, 53, NULL, '2026-03-21 12:00:00+00', 'Delivered', 301798.0);
INSERT INTO Orders (order_id, user_id, coupon_id, order_date, status, total_amount) VALUES (54, 60, NULL, '2026-03-23 00:00:00+00', 'Delivered', 29999.0);
INSERT INTO Orders (order_id, user_id, coupon_id, order_date, status, total_amount) VALUES (55, 36, NULL, '2026-03-24 12:00:00+00', 'Delivered', 757797.0);
INSERT INTO Orders (order_id, user_id, coupon_id, order_date, status, total_amount) VALUES (56, 7, 2, '2026-03-26 00:00:00+00', 'Delivered', 19498.0);
INSERT INTO Orders (order_id, user_id, coupon_id, order_date, status, total_amount) VALUES (57, 49, NULL, '2026-03-27 12:00:00+00', 'Delivered', 14999.0);
INSERT INTO Orders (order_id, user_id, coupon_id, order_date, status, total_amount) VALUES (58, 12, NULL, '2026-03-29 00:00:00+00', 'Delivered', 479899.0);
INSERT INTO Orders (order_id, user_id, coupon_id, order_date, status, total_amount) VALUES (59, 10, NULL, '2026-03-30 12:00:00+00', 'Shipped', 29999.0);
INSERT INTO Orders (order_id, user_id, coupon_id, order_date, status, total_amount) VALUES (60, 24, NULL, '2026-04-01 00:00:00+00', 'Delivered', 123998.0);
INSERT INTO Orders (order_id, user_id, coupon_id, order_date, status, total_amount) VALUES (61, 29, NULL, '2026-04-02 12:00:00+00', 'Delivered', 47997.0);
INSERT INTO Orders (order_id, user_id, coupon_id, order_date, status, total_amount) VALUES (62, 8, NULL, '2026-04-04 00:00:00+00', 'Delivered', 36996.0);
INSERT INTO Orders (order_id, user_id, coupon_id, order_date, status, total_amount) VALUES (63, 20, NULL, '2026-04-05 12:00:00+00', 'Pending', 35998.0);
INSERT INTO Orders (order_id, user_id, coupon_id, order_date, status, total_amount) VALUES (64, 12, NULL, '2026-04-07 00:00:00+00', 'Delivered', 231098.0);
INSERT INTO Orders (order_id, user_id, coupon_id, order_date, status, total_amount) VALUES (65, 37, 6, '2026-04-08 12:00:00+00', 'Delivered', 12997.0);
INSERT INTO Orders (order_id, user_id, coupon_id, order_date, status, total_amount) VALUES (66, 59, NULL, '2026-04-10 00:00:00+00', 'Delivered', 91996.0);
INSERT INTO Orders (order_id, user_id, coupon_id, order_date, status, total_amount) VALUES (67, 22, NULL, '2026-04-11 12:00:00+00', 'Delivered', 25999.0);
INSERT INTO Orders (order_id, user_id, coupon_id, order_date, status, total_amount) VALUES (68, 47, 3, '2026-04-13 00:00:00+00', 'Pending', 49497.0);
INSERT INTO Orders (order_id, user_id, coupon_id, order_date, status, total_amount) VALUES (69, 12, NULL, '2026-04-14 12:00:00+00', 'Pending', 51995.0);
INSERT INTO Orders (order_id, user_id, coupon_id, order_date, status, total_amount) VALUES (70, 51, NULL, '2026-04-16 00:00:00+00', 'Delivered', 129999.0);
INSERT INTO Orders (order_id, user_id, coupon_id, order_date, status, total_amount) VALUES (71, 24, NULL, '2026-04-17 12:00:00+00', 'Shipped', 59998.0);
INSERT INTO Orders (order_id, user_id, coupon_id, order_date, status, total_amount) VALUES (72, 59, 6, '2026-04-19 00:00:00+00', 'Shipped', 135897.0);
INSERT INTO Orders (order_id, user_id, coupon_id, order_date, status, total_amount) VALUES (73, 42, NULL, '2026-04-20 12:00:00+00', 'Delivered', 39998.0);
INSERT INTO Orders (order_id, user_id, coupon_id, order_date, status, total_amount) VALUES (74, 24, 2, '2026-04-22 00:00:00+00', 'Paid', 707299.0);
INSERT INTO Orders (order_id, user_id, coupon_id, order_date, status, total_amount) VALUES (75, 19, NULL, '2026-04-23 12:00:00+00', 'Delivered', 769797.0);
INSERT INTO Orders (order_id, user_id, coupon_id, order_date, status, total_amount) VALUES (76, 39, NULL, '2026-04-25 00:00:00+00', 'Shipped', 17998.0);
INSERT INTO Orders (order_id, user_id, coupon_id, order_date, status, total_amount) VALUES (77, 45, NULL, '2026-04-26 12:00:00+00', 'Shipped', 83995.0);
INSERT INTO Orders (order_id, user_id, coupon_id, order_date, status, total_amount) VALUES (78, 13, NULL, '2026-04-28 00:00:00+00', 'Delivered', 9999.0);
INSERT INTO Orders (order_id, user_id, coupon_id, order_date, status, total_amount) VALUES (79, 22, NULL, '2026-04-29 12:00:00+00', 'Paid', 156497.0);
INSERT INTO Orders (order_id, user_id, coupon_id, order_date, status, total_amount) VALUES (80, 24, NULL, '2026-05-01 00:00:00+00', 'Delivered', 39998.0);
INSERT INTO Orders (order_id, user_id, coupon_id, order_date, status, total_amount) VALUES (81, 16, NULL, '2026-05-02 12:00:00+00', 'Delivered', 327996.0);
INSERT INTO Orders (order_id, user_id, coupon_id, order_date, status, total_amount) VALUES (82, 53, NULL, '2026-05-04 00:00:00+00', 'Delivered', 132995.0);
INSERT INTO Orders (order_id, user_id, coupon_id, order_date, status, total_amount) VALUES (83, 6, 4, '2026-05-05 12:00:00+00', 'Shipped', 101829.15);
INSERT INTO Orders (order_id, user_id, coupon_id, order_date, status, total_amount) VALUES (84, 27, 2, '2026-05-07 00:00:00+00', 'Delivered', 324496.0);
INSERT INTO Orders (order_id, user_id, coupon_id, order_date, status, total_amount) VALUES (85, 9, NULL, '2026-05-08 12:00:00+00', 'Delivered', 11997.0);
INSERT INTO Orders (order_id, user_id, coupon_id, order_date, status, total_amount) VALUES (86, 54, 4, '2026-05-10 00:00:00+00', 'Delivered', 75645.75);
INSERT INTO Orders (order_id, user_id, coupon_id, order_date, status, total_amount) VALUES (87, 8, NULL, '2026-05-11 12:00:00+00', 'Shipped', 128498.0);
INSERT INTO Orders (order_id, user_id, coupon_id, order_date, status, total_amount) VALUES (88, 37, NULL, '2026-05-13 00:00:00+00', 'Delivered', 361996.0);
INSERT INTO Orders (order_id, user_id, coupon_id, order_date, status, total_amount) VALUES (89, 17, NULL, '2026-05-14 12:00:00+00', 'Shipped', 155998.0);
INSERT INTO Orders (order_id, user_id, coupon_id, order_date, status, total_amount) VALUES (90, 3, NULL, '2026-05-16 00:00:00+00', 'Delivered', 18997.0);
INSERT INTO Orders (order_id, user_id, coupon_id, order_date, status, total_amount) VALUES (91, 19, NULL, '2026-05-17 12:00:00+00', 'Delivered', 129998.0);
INSERT INTO Orders (order_id, user_id, coupon_id, order_date, status, total_amount) VALUES (92, 31, 6, '2026-05-19 00:00:00+00', 'Delivered', 268995.0);
INSERT INTO Orders (order_id, user_id, coupon_id, order_date, status, total_amount) VALUES (93, 29, NULL, '2026-05-20 12:00:00+00', 'Paid', 709798.0);
INSERT INTO Orders (order_id, user_id, coupon_id, order_date, status, total_amount) VALUES (94, 52, NULL, '2026-05-22 00:00:00+00', 'Delivered', 59997.0);
INSERT INTO Orders (order_id, user_id, coupon_id, order_date, status, total_amount) VALUES (95, 19, NULL, '2026-05-23 12:00:00+00', 'Delivered', 56995.0);
INSERT INTO Orders (order_id, user_id, coupon_id, order_date, status, total_amount) VALUES (96, 41, NULL, '2026-05-25 00:00:00+00', 'Cancelled', 18998.0);
INSERT INTO Orders (order_id, user_id, coupon_id, order_date, status, total_amount) VALUES (97, 2, NULL, '2026-05-26 12:00:00+00', 'Delivered', 87996.0);
INSERT INTO Orders (order_id, user_id, coupon_id, order_date, status, total_amount) VALUES (98, 10, NULL, '2026-05-28 00:00:00+00', 'Delivered', 179998.0);
INSERT INTO Orders (order_id, user_id, coupon_id, order_date, status, total_amount) VALUES (99, 18, NULL, '2026-05-29 12:00:00+00', 'Delivered', 124999.0);
INSERT INTO Orders (order_id, user_id, coupon_id, order_date, status, total_amount) VALUES (100, 50, 2, '2026-05-31 00:00:00+00', 'Delivered', 7497.0);
INSERT INTO Orders (order_id, user_id, coupon_id, order_date, status, total_amount) VALUES (101, 29, NULL, '2026-06-01 12:00:00+00', 'Refunded', 315495.0);
INSERT INTO Orders (order_id, user_id, coupon_id, order_date, status, total_amount) VALUES (102, 51, NULL, '2026-06-03 00:00:00+00', 'Delivered', 24999.0);
INSERT INTO Orders (order_id, user_id, coupon_id, order_date, status, total_amount) VALUES (103, 24, NULL, '2026-06-04 12:00:00+00', 'Delivered', 10498.0);
INSERT INTO Orders (order_id, user_id, coupon_id, order_date, status, total_amount) VALUES (104, 27, NULL, '2026-06-06 00:00:00+00', 'Shipped', 258797.0);
INSERT INTO Orders (order_id, user_id, coupon_id, order_date, status, total_amount) VALUES (105, 41, NULL, '2026-06-07 12:00:00+00', 'Delivered', 14999.0);
INSERT INTO Orders (order_id, user_id, coupon_id, order_date, status, total_amount) VALUES (106, 11, 10, '2026-06-09 00:00:00+00', 'Delivered', 156445.0);
INSERT INTO Orders (order_id, user_id, coupon_id, order_date, status, total_amount) VALUES (107, 20, NULL, '2026-06-10 12:00:00+00', 'Delivered', 49900.0);
INSERT INTO Orders (order_id, user_id, coupon_id, order_date, status, total_amount) VALUES (108, 43, NULL, '2026-06-12 00:00:00+00', 'Delivered', 664897.0);
INSERT INTO Orders (order_id, user_id, coupon_id, order_date, status, total_amount) VALUES (109, 41, NULL, '2026-06-13 12:00:00+00', 'Delivered', 27995.0);
INSERT INTO Orders (order_id, user_id, coupon_id, order_date, status, total_amount) VALUES (110, 29, NULL, '2026-06-15 00:00:00+00', 'Delivered', 702299.0);
INSERT INTO Orders (order_id, user_id, coupon_id, order_date, status, total_amount) VALUES (111, 9, NULL, '2026-06-16 12:00:00+00', 'Shipped', 206896.0);
INSERT INTO Orders (order_id, user_id, coupon_id, order_date, status, total_amount) VALUES (112, 19, NULL, '2026-06-18 00:00:00+00', 'Pending', 39495.0);
INSERT INTO Orders (order_id, user_id, coupon_id, order_date, status, total_amount) VALUES (113, 57, NULL, '2026-06-19 12:00:00+00', 'Delivered', 59998.0);
INSERT INTO Orders (order_id, user_id, coupon_id, order_date, status, total_amount) VALUES (114, 23, NULL, '2026-06-21 00:00:00+00', 'Delivered', 22997.0);
INSERT INTO Orders (order_id, user_id, coupon_id, order_date, status, total_amount) VALUES (115, 47, NULL, '2026-06-22 12:00:00+00', 'Delivered', 384997.0);
SELECT setval('orders_order_id_seq', COALESCE((SELECT MAX(order_id)+1 FROM Orders), 1), false);

-- Shipping Details
INSERT INTO Shipping_Details (shipping_id, order_id, address_id, shipping_method, tracking_number, status, estimated_delivery, shipped_at, delivered_at) VALUES (1, 1, 79, 'Express', 'TRK202601020001', 'In Transit', '2026-01-05 12:00:00+00', '2026-01-03 12:00:00+00', NULL);
INSERT INTO Shipping_Details (shipping_id, order_id, address_id, shipping_method, tracking_number, status, estimated_delivery, shipped_at, delivered_at) VALUES (2, 2, 31, 'Express', 'TRK202601040002', 'In Transit', '2026-01-07 00:00:00+00', '2026-01-05 00:00:00+00', NULL);
INSERT INTO Shipping_Details (shipping_id, order_id, address_id, shipping_method, tracking_number, status, estimated_delivery, shipped_at, delivered_at) VALUES (3, 3, 35, 'Standard', 'TRK202601050003', 'Preparing', '2026-01-09 12:00:00+00', NULL, NULL);
INSERT INTO Shipping_Details (shipping_id, order_id, address_id, shipping_method, tracking_number, status, estimated_delivery, shipped_at, delivered_at) VALUES (4, 4, 89, 'Express', 'TRK202601070004', 'Delivered', '2026-01-11 00:00:00+00', '2026-01-08 00:00:00+00', '2026-01-11 00:00:00+00');
INSERT INTO Shipping_Details (shipping_id, order_id, address_id, shipping_method, tracking_number, status, estimated_delivery, shipped_at, delivered_at) VALUES (5, 5, 75, 'Standard', 'TRK202601080005', 'Delivered', '2026-01-10 12:00:00+00', '2026-01-09 12:00:00+00', '2026-01-10 12:00:00+00');
INSERT INTO Shipping_Details (shipping_id, order_id, address_id, shipping_method, tracking_number, status, estimated_delivery, shipped_at, delivered_at) VALUES (6, 6, 93, 'Express', 'TRK202601100006', 'Delivered', '2026-01-12 00:00:00+00', '2026-01-11 00:00:00+00', '2026-01-12 00:00:00+00');
INSERT INTO Shipping_Details (shipping_id, order_id, address_id, shipping_method, tracking_number, status, estimated_delivery, shipped_at, delivered_at) VALUES (7, 7, 107, 'Standard', 'TRK202601110007', 'Delivered', '2026-01-14 12:00:00+00', '2026-01-12 12:00:00+00', '2026-01-14 12:00:00+00');
INSERT INTO Shipping_Details (shipping_id, order_id, address_id, shipping_method, tracking_number, status, estimated_delivery, shipped_at, delivered_at) VALUES (8, 8, 5, 'Standard', 'TRK202601130008', 'Failed', NULL, NULL, NULL);
INSERT INTO Shipping_Details (shipping_id, order_id, address_id, shipping_method, tracking_number, status, estimated_delivery, shipped_at, delivered_at) VALUES (9, 9, 7, 'Standard', 'TRK202601140009', 'Delivered', '2026-01-18 12:00:00+00', '2026-01-15 12:00:00+00', '2026-01-18 12:00:00+00');
INSERT INTO Shipping_Details (shipping_id, order_id, address_id, shipping_method, tracking_number, status, estimated_delivery, shipped_at, delivered_at) VALUES (10, 10, 39, 'Standard', 'TRK202601160010', 'Delivered', '2026-01-20 00:00:00+00', '2026-01-17 00:00:00+00', '2026-01-20 00:00:00+00');
INSERT INTO Shipping_Details (shipping_id, order_id, address_id, shipping_method, tracking_number, status, estimated_delivery, shipped_at, delivered_at) VALUES (11, 11, 49, 'Standard', 'TRK202601170011', 'Delivered', '2026-01-19 12:00:00+00', '2026-01-18 12:00:00+00', '2026-01-19 12:00:00+00');
INSERT INTO Shipping_Details (shipping_id, order_id, address_id, shipping_method, tracking_number, status, estimated_delivery, shipped_at, delivered_at) VALUES (12, 12, 81, 'Express', 'TRK202601190012', 'Delivered', '2026-01-22 00:00:00+00', '2026-01-20 00:00:00+00', '2026-01-22 00:00:00+00');
INSERT INTO Shipping_Details (shipping_id, order_id, address_id, shipping_method, tracking_number, status, estimated_delivery, shipped_at, delivered_at) VALUES (13, 13, 5, 'Standard', 'TRK202601200013', 'Delivered', '2026-01-24 12:00:00+00', '2026-01-21 12:00:00+00', '2026-01-24 12:00:00+00');
INSERT INTO Shipping_Details (shipping_id, order_id, address_id, shipping_method, tracking_number, status, estimated_delivery, shipped_at, delivered_at) VALUES (14, 14, 19, 'Express', 'TRK202601220014', 'Preparing', '2026-01-26 00:00:00+00', NULL, NULL);
INSERT INTO Shipping_Details (shipping_id, order_id, address_id, shipping_method, tracking_number, status, estimated_delivery, shipped_at, delivered_at) VALUES (15, 15, 57, 'Express', 'TRK202601230015', 'Delivered', '2026-01-27 12:00:00+00', '2026-01-24 12:00:00+00', '2026-01-27 12:00:00+00');
INSERT INTO Shipping_Details (shipping_id, order_id, address_id, shipping_method, tracking_number, status, estimated_delivery, shipped_at, delivered_at) VALUES (16, 16, 33, 'Express', 'TRK202601250016', 'Delivered', '2026-01-29 00:00:00+00', '2026-01-26 00:00:00+00', '2026-01-29 00:00:00+00');
INSERT INTO Shipping_Details (shipping_id, order_id, address_id, shipping_method, tracking_number, status, estimated_delivery, shipped_at, delivered_at) VALUES (17, 17, 83, 'Express', 'TRK202601260017', 'Delivered', '2026-01-29 12:00:00+00', '2026-01-27 12:00:00+00', '2026-01-29 12:00:00+00');
INSERT INTO Shipping_Details (shipping_id, order_id, address_id, shipping_method, tracking_number, status, estimated_delivery, shipped_at, delivered_at) VALUES (18, 18, 85, 'Express', 'TRK202601280018', 'Delivered', '2026-02-01 00:00:00+00', '2026-01-29 00:00:00+00', '2026-02-01 00:00:00+00');
INSERT INTO Shipping_Details (shipping_id, order_id, address_id, shipping_method, tracking_number, status, estimated_delivery, shipped_at, delivered_at) VALUES (19, 19, 5, 'Express', 'TRK202601290019', 'Delivered', '2026-02-01 12:00:00+00', '2026-01-30 12:00:00+00', '2026-02-01 12:00:00+00');
INSERT INTO Shipping_Details (shipping_id, order_id, address_id, shipping_method, tracking_number, status, estimated_delivery, shipped_at, delivered_at) VALUES (20, 20, 7, 'Express', 'TRK202601310020', 'Delivered', '2026-02-03 00:00:00+00', '2026-02-01 00:00:00+00', '2026-02-03 00:00:00+00');
INSERT INTO Shipping_Details (shipping_id, order_id, address_id, shipping_method, tracking_number, status, estimated_delivery, shipped_at, delivered_at) VALUES (21, 21, 113, 'Standard', 'TRK202602010021', 'Delivered', '2026-02-05 12:00:00+00', '2026-02-02 12:00:00+00', '2026-02-05 12:00:00+00');
INSERT INTO Shipping_Details (shipping_id, order_id, address_id, shipping_method, tracking_number, status, estimated_delivery, shipped_at, delivered_at) VALUES (22, 22, 53, 'Express', 'TRK202602030022', 'Delivered', '2026-02-07 00:00:00+00', '2026-02-04 00:00:00+00', '2026-02-07 00:00:00+00');
INSERT INTO Shipping_Details (shipping_id, order_id, address_id, shipping_method, tracking_number, status, estimated_delivery, shipped_at, delivered_at) VALUES (23, 23, 37, 'Express', 'TRK202602040023', 'Delivered', '2026-02-06 12:00:00+00', '2026-02-05 12:00:00+00', '2026-02-06 12:00:00+00');
INSERT INTO Shipping_Details (shipping_id, order_id, address_id, shipping_method, tracking_number, status, estimated_delivery, shipped_at, delivered_at) VALUES (24, 24, 117, 'Express', 'TRK202602060024', 'Delivered', '2026-02-10 00:00:00+00', '2026-02-07 00:00:00+00', '2026-02-10 00:00:00+00');
INSERT INTO Shipping_Details (shipping_id, order_id, address_id, shipping_method, tracking_number, status, estimated_delivery, shipped_at, delivered_at) VALUES (25, 25, 75, 'Express', 'TRK202602070025', 'Failed', NULL, NULL, NULL);
INSERT INTO Shipping_Details (shipping_id, order_id, address_id, shipping_method, tracking_number, status, estimated_delivery, shipped_at, delivered_at) VALUES (26, 26, 59, 'Express', 'TRK202602090026', 'Preparing', '2026-02-13 00:00:00+00', NULL, NULL);
INSERT INTO Shipping_Details (shipping_id, order_id, address_id, shipping_method, tracking_number, status, estimated_delivery, shipped_at, delivered_at) VALUES (27, 27, 91, 'Express', 'TRK202602100027', 'Preparing', '2026-02-14 12:00:00+00', NULL, NULL);
INSERT INTO Shipping_Details (shipping_id, order_id, address_id, shipping_method, tracking_number, status, estimated_delivery, shipped_at, delivered_at) VALUES (28, 28, 13, 'Express', 'TRK202602120028', 'Delivered', '2026-02-16 00:00:00+00', '2026-02-13 00:00:00+00', '2026-02-16 00:00:00+00');
INSERT INTO Shipping_Details (shipping_id, order_id, address_id, shipping_method, tracking_number, status, estimated_delivery, shipped_at, delivered_at) VALUES (29, 29, 11, 'Standard', 'TRK202602130029', 'Preparing', '2026-02-17 12:00:00+00', NULL, NULL);
INSERT INTO Shipping_Details (shipping_id, order_id, address_id, shipping_method, tracking_number, status, estimated_delivery, shipped_at, delivered_at) VALUES (30, 30, 55, 'Express', 'TRK202602150030', 'Failed', NULL, NULL, NULL);
INSERT INTO Shipping_Details (shipping_id, order_id, address_id, shipping_method, tracking_number, status, estimated_delivery, shipped_at, delivered_at) VALUES (31, 31, 45, 'Standard', 'TRK202602160031', 'Delivered', '2026-02-18 12:00:00+00', '2026-02-17 12:00:00+00', '2026-02-18 12:00:00+00');
INSERT INTO Shipping_Details (shipping_id, order_id, address_id, shipping_method, tracking_number, status, estimated_delivery, shipped_at, delivered_at) VALUES (32, 32, 11, 'Express', 'TRK202602180032', 'Delivered', '2026-02-21 00:00:00+00', '2026-02-19 00:00:00+00', '2026-02-21 00:00:00+00');
INSERT INTO Shipping_Details (shipping_id, order_id, address_id, shipping_method, tracking_number, status, estimated_delivery, shipped_at, delivered_at) VALUES (33, 33, 85, 'Express', 'TRK202602190033', 'Delivered', '2026-02-23 12:00:00+00', '2026-02-20 12:00:00+00', '2026-02-23 12:00:00+00');
INSERT INTO Shipping_Details (shipping_id, order_id, address_id, shipping_method, tracking_number, status, estimated_delivery, shipped_at, delivered_at) VALUES (34, 34, 55, 'Express', 'TRK202602210034', 'Delivered', '2026-02-25 00:00:00+00', '2026-02-22 00:00:00+00', '2026-02-25 00:00:00+00');
INSERT INTO Shipping_Details (shipping_id, order_id, address_id, shipping_method, tracking_number, status, estimated_delivery, shipped_at, delivered_at) VALUES (35, 35, 37, 'Express', 'TRK202602220035', 'Failed', NULL, NULL, NULL);
INSERT INTO Shipping_Details (shipping_id, order_id, address_id, shipping_method, tracking_number, status, estimated_delivery, shipped_at, delivered_at) VALUES (36, 36, 107, 'Standard', 'TRK202602240036', 'Preparing', '2026-02-28 00:00:00+00', NULL, NULL);
INSERT INTO Shipping_Details (shipping_id, order_id, address_id, shipping_method, tracking_number, status, estimated_delivery, shipped_at, delivered_at) VALUES (37, 37, 81, 'Express', 'TRK202602250037', 'Delivered', '2026-02-27 12:00:00+00', '2026-02-26 12:00:00+00', '2026-02-27 12:00:00+00');
INSERT INTO Shipping_Details (shipping_id, order_id, address_id, shipping_method, tracking_number, status, estimated_delivery, shipped_at, delivered_at) VALUES (38, 38, 25, 'Express', 'TRK202602270038', 'Delivered', '2026-03-03 00:00:00+00', '2026-02-28 00:00:00+00', '2026-03-03 00:00:00+00');
INSERT INTO Shipping_Details (shipping_id, order_id, address_id, shipping_method, tracking_number, status, estimated_delivery, shipped_at, delivered_at) VALUES (39, 39, 111, 'Express', 'TRK202602280039', 'Delivered', '2026-03-04 12:00:00+00', '2026-03-01 12:00:00+00', '2026-03-04 12:00:00+00');
INSERT INTO Shipping_Details (shipping_id, order_id, address_id, shipping_method, tracking_number, status, estimated_delivery, shipped_at, delivered_at) VALUES (40, 40, 47, 'Express', 'TRK202603020040', 'Delivered', '2026-03-06 00:00:00+00', '2026-03-03 00:00:00+00', '2026-03-06 00:00:00+00');
INSERT INTO Shipping_Details (shipping_id, order_id, address_id, shipping_method, tracking_number, status, estimated_delivery, shipped_at, delivered_at) VALUES (41, 41, 49, 'Express', 'TRK202603030041', 'Out for Delivery', '2026-03-06 12:00:00+00', '2026-03-04 12:00:00+00', NULL);
INSERT INTO Shipping_Details (shipping_id, order_id, address_id, shipping_method, tracking_number, status, estimated_delivery, shipped_at, delivered_at) VALUES (42, 42, 29, 'Express', 'TRK202603050042', 'Delivered', '2026-03-07 00:00:00+00', '2026-03-06 00:00:00+00', '2026-03-07 00:00:00+00');
INSERT INTO Shipping_Details (shipping_id, order_id, address_id, shipping_method, tracking_number, status, estimated_delivery, shipped_at, delivered_at) VALUES (43, 43, 13, 'Standard', 'TRK202603060043', 'Delivered', '2026-03-09 12:00:00+00', '2026-03-07 12:00:00+00', '2026-03-09 12:00:00+00');
INSERT INTO Shipping_Details (shipping_id, order_id, address_id, shipping_method, tracking_number, status, estimated_delivery, shipped_at, delivered_at) VALUES (44, 44, 79, 'Express', 'TRK202603080044', 'Delivered', '2026-03-10 00:00:00+00', '2026-03-09 00:00:00+00', '2026-03-10 00:00:00+00');
INSERT INTO Shipping_Details (shipping_id, order_id, address_id, shipping_method, tracking_number, status, estimated_delivery, shipped_at, delivered_at) VALUES (45, 45, 87, 'Standard', 'TRK202603090045', 'Delivered', '2026-03-13 12:00:00+00', '2026-03-10 12:00:00+00', '2026-03-13 12:00:00+00');
INSERT INTO Shipping_Details (shipping_id, order_id, address_id, shipping_method, tracking_number, status, estimated_delivery, shipped_at, delivered_at) VALUES (46, 46, 27, 'Standard', 'TRK202603110046', 'Delivered', '2026-03-13 00:00:00+00', '2026-03-12 00:00:00+00', '2026-03-13 00:00:00+00');
INSERT INTO Shipping_Details (shipping_id, order_id, address_id, shipping_method, tracking_number, status, estimated_delivery, shipped_at, delivered_at) VALUES (47, 47, 43, 'Standard', 'TRK202603120047', 'In Transit', '2026-03-15 12:00:00+00', '2026-03-13 12:00:00+00', NULL);
INSERT INTO Shipping_Details (shipping_id, order_id, address_id, shipping_method, tracking_number, status, estimated_delivery, shipped_at, delivered_at) VALUES (48, 48, 101, 'Standard', 'TRK202603140048', 'Out for Delivery', '2026-03-17 00:00:00+00', '2026-03-15 00:00:00+00', NULL);
INSERT INTO Shipping_Details (shipping_id, order_id, address_id, shipping_method, tracking_number, status, estimated_delivery, shipped_at, delivered_at) VALUES (49, 49, 9, 'Express', 'TRK202603150049', 'Delivered', '2026-03-18 12:00:00+00', '2026-03-16 12:00:00+00', '2026-03-18 12:00:00+00');
INSERT INTO Shipping_Details (shipping_id, order_id, address_id, shipping_method, tracking_number, status, estimated_delivery, shipped_at, delivered_at) VALUES (50, 50, 83, 'Standard', 'TRK202603170050', 'Failed', NULL, NULL, NULL);
INSERT INTO Shipping_Details (shipping_id, order_id, address_id, shipping_method, tracking_number, status, estimated_delivery, shipped_at, delivered_at) VALUES (51, 51, 115, 'Express', 'TRK202603180051', 'Delivered', '2026-03-21 12:00:00+00', '2026-03-19 12:00:00+00', '2026-03-21 12:00:00+00');
INSERT INTO Shipping_Details (shipping_id, order_id, address_id, shipping_method, tracking_number, status, estimated_delivery, shipped_at, delivered_at) VALUES (52, 52, 65, 'Express', 'TRK202603200052', 'Delivered', '2026-03-23 00:00:00+00', '2026-03-21 00:00:00+00', '2026-03-23 00:00:00+00');
INSERT INTO Shipping_Details (shipping_id, order_id, address_id, shipping_method, tracking_number, status, estimated_delivery, shipped_at, delivered_at) VALUES (53, 53, 105, 'Standard', 'TRK202603210053', 'Delivered', '2026-03-25 12:00:00+00', '2026-03-22 12:00:00+00', '2026-03-25 12:00:00+00');
INSERT INTO Shipping_Details (shipping_id, order_id, address_id, shipping_method, tracking_number, status, estimated_delivery, shipped_at, delivered_at) VALUES (54, 54, 119, 'Express', 'TRK202603230054', 'Delivered', '2026-03-25 00:00:00+00', '2026-03-24 00:00:00+00', '2026-03-25 00:00:00+00');
INSERT INTO Shipping_Details (shipping_id, order_id, address_id, shipping_method, tracking_number, status, estimated_delivery, shipped_at, delivered_at) VALUES (55, 55, 71, 'Express', 'TRK202603240055', 'Delivered', '2026-03-27 12:00:00+00', '2026-03-25 12:00:00+00', '2026-03-27 12:00:00+00');
INSERT INTO Shipping_Details (shipping_id, order_id, address_id, shipping_method, tracking_number, status, estimated_delivery, shipped_at, delivered_at) VALUES (56, 56, 13, 'Express', 'TRK202603260056', 'Delivered', '2026-03-28 00:00:00+00', '2026-03-27 00:00:00+00', '2026-03-28 00:00:00+00');
INSERT INTO Shipping_Details (shipping_id, order_id, address_id, shipping_method, tracking_number, status, estimated_delivery, shipped_at, delivered_at) VALUES (57, 57, 97, 'Express', 'TRK202603270057', 'Delivered', '2026-03-29 12:00:00+00', '2026-03-28 12:00:00+00', '2026-03-29 12:00:00+00');
INSERT INTO Shipping_Details (shipping_id, order_id, address_id, shipping_method, tracking_number, status, estimated_delivery, shipped_at, delivered_at) VALUES (58, 58, 23, 'Express', 'TRK202603290058', 'Delivered', '2026-03-31 00:00:00+00', '2026-03-30 00:00:00+00', '2026-03-31 00:00:00+00');
INSERT INTO Shipping_Details (shipping_id, order_id, address_id, shipping_method, tracking_number, status, estimated_delivery, shipped_at, delivered_at) VALUES (59, 59, 19, 'Express', 'TRK202603300059', 'Shipped', '2026-04-02 12:00:00+00', '2026-03-31 12:00:00+00', NULL);
INSERT INTO Shipping_Details (shipping_id, order_id, address_id, shipping_method, tracking_number, status, estimated_delivery, shipped_at, delivered_at) VALUES (60, 60, 47, 'Standard', 'TRK202604010060', 'Delivered', '2026-04-04 00:00:00+00', '2026-04-02 00:00:00+00', '2026-04-04 00:00:00+00');
INSERT INTO Shipping_Details (shipping_id, order_id, address_id, shipping_method, tracking_number, status, estimated_delivery, shipped_at, delivered_at) VALUES (61, 61, 57, 'Express', 'TRK202604020061', 'Delivered', '2026-04-05 12:00:00+00', '2026-04-03 12:00:00+00', '2026-04-05 12:00:00+00');
INSERT INTO Shipping_Details (shipping_id, order_id, address_id, shipping_method, tracking_number, status, estimated_delivery, shipped_at, delivered_at) VALUES (62, 62, 15, 'Standard', 'TRK202604040062', 'Delivered', '2026-04-06 00:00:00+00', '2026-04-05 00:00:00+00', '2026-04-06 00:00:00+00');
INSERT INTO Shipping_Details (shipping_id, order_id, address_id, shipping_method, tracking_number, status, estimated_delivery, shipped_at, delivered_at) VALUES (63, 63, 39, 'Express', 'TRK202604050063', 'Preparing', '2026-04-09 12:00:00+00', NULL, NULL);
INSERT INTO Shipping_Details (shipping_id, order_id, address_id, shipping_method, tracking_number, status, estimated_delivery, shipped_at, delivered_at) VALUES (64, 64, 23, 'Standard', 'TRK202604070064', 'Delivered', '2026-04-10 00:00:00+00', '2026-04-08 00:00:00+00', '2026-04-10 00:00:00+00');
INSERT INTO Shipping_Details (shipping_id, order_id, address_id, shipping_method, tracking_number, status, estimated_delivery, shipped_at, delivered_at) VALUES (65, 65, 73, 'Express', 'TRK202604080065', 'Delivered', '2026-04-12 12:00:00+00', '2026-04-09 12:00:00+00', '2026-04-12 12:00:00+00');
INSERT INTO Shipping_Details (shipping_id, order_id, address_id, shipping_method, tracking_number, status, estimated_delivery, shipped_at, delivered_at) VALUES (66, 66, 117, 'Express', 'TRK202604100066', 'Delivered', '2026-04-14 00:00:00+00', '2026-04-11 00:00:00+00', '2026-04-14 00:00:00+00');
INSERT INTO Shipping_Details (shipping_id, order_id, address_id, shipping_method, tracking_number, status, estimated_delivery, shipped_at, delivered_at) VALUES (67, 67, 43, 'Express', 'TRK202604110067', 'Delivered', '2026-04-14 12:00:00+00', '2026-04-12 12:00:00+00', '2026-04-14 12:00:00+00');
INSERT INTO Shipping_Details (shipping_id, order_id, address_id, shipping_method, tracking_number, status, estimated_delivery, shipped_at, delivered_at) VALUES (68, 68, 93, 'Standard', 'TRK202604130068', 'Preparing', '2026-04-17 00:00:00+00', NULL, NULL);
INSERT INTO Shipping_Details (shipping_id, order_id, address_id, shipping_method, tracking_number, status, estimated_delivery, shipped_at, delivered_at) VALUES (69, 69, 23, 'Express', 'TRK202604140069', 'Preparing', '2026-04-18 12:00:00+00', NULL, NULL);
INSERT INTO Shipping_Details (shipping_id, order_id, address_id, shipping_method, tracking_number, status, estimated_delivery, shipped_at, delivered_at) VALUES (70, 70, 101, 'Standard', 'TRK202604160070', 'Delivered', '2026-04-18 00:00:00+00', '2026-04-17 00:00:00+00', '2026-04-18 00:00:00+00');
INSERT INTO Shipping_Details (shipping_id, order_id, address_id, shipping_method, tracking_number, status, estimated_delivery, shipped_at, delivered_at) VALUES (71, 71, 47, 'Standard', 'TRK202604170071', 'In Transit', '2026-04-20 12:00:00+00', '2026-04-18 12:00:00+00', NULL);
INSERT INTO Shipping_Details (shipping_id, order_id, address_id, shipping_method, tracking_number, status, estimated_delivery, shipped_at, delivered_at) VALUES (72, 72, 117, 'Standard', 'TRK202604190072', 'Out for Delivery', '2026-04-22 00:00:00+00', '2026-04-20 00:00:00+00', NULL);
INSERT INTO Shipping_Details (shipping_id, order_id, address_id, shipping_method, tracking_number, status, estimated_delivery, shipped_at, delivered_at) VALUES (73, 73, 83, 'Standard', 'TRK202604200073', 'Delivered', '2026-04-23 12:00:00+00', '2026-04-21 12:00:00+00', '2026-04-23 12:00:00+00');
INSERT INTO Shipping_Details (shipping_id, order_id, address_id, shipping_method, tracking_number, status, estimated_delivery, shipped_at, delivered_at) VALUES (74, 74, 47, 'Express', 'TRK202604220074', 'Preparing', '2026-04-26 00:00:00+00', NULL, NULL);
INSERT INTO Shipping_Details (shipping_id, order_id, address_id, shipping_method, tracking_number, status, estimated_delivery, shipped_at, delivered_at) VALUES (75, 75, 37, 'Express', 'TRK202604230075', 'Delivered', '2026-04-25 12:00:00+00', '2026-04-24 12:00:00+00', '2026-04-25 12:00:00+00');
INSERT INTO Shipping_Details (shipping_id, order_id, address_id, shipping_method, tracking_number, status, estimated_delivery, shipped_at, delivered_at) VALUES (76, 76, 77, 'Standard', 'TRK202604250076', 'Out for Delivery', '2026-04-28 00:00:00+00', '2026-04-26 00:00:00+00', NULL);
INSERT INTO Shipping_Details (shipping_id, order_id, address_id, shipping_method, tracking_number, status, estimated_delivery, shipped_at, delivered_at) VALUES (77, 77, 89, 'Express', 'TRK202604260077', 'In Transit', '2026-04-29 12:00:00+00', '2026-04-27 12:00:00+00', NULL);
INSERT INTO Shipping_Details (shipping_id, order_id, address_id, shipping_method, tracking_number, status, estimated_delivery, shipped_at, delivered_at) VALUES (78, 78, 25, 'Standard', 'TRK202604280078', 'Delivered', '2026-05-02 00:00:00+00', '2026-04-29 00:00:00+00', '2026-05-02 00:00:00+00');
INSERT INTO Shipping_Details (shipping_id, order_id, address_id, shipping_method, tracking_number, status, estimated_delivery, shipped_at, delivered_at) VALUES (79, 79, 43, 'Express', 'TRK202604290079', 'Preparing', '2026-05-03 12:00:00+00', NULL, NULL);
INSERT INTO Shipping_Details (shipping_id, order_id, address_id, shipping_method, tracking_number, status, estimated_delivery, shipped_at, delivered_at) VALUES (80, 80, 47, 'Standard', 'TRK202605010080', 'Delivered', '2026-05-05 00:00:00+00', '2026-05-02 00:00:00+00', '2026-05-05 00:00:00+00');
INSERT INTO Shipping_Details (shipping_id, order_id, address_id, shipping_method, tracking_number, status, estimated_delivery, shipped_at, delivered_at) VALUES (81, 81, 31, 'Express', 'TRK202605020081', 'Delivered', '2026-05-04 12:00:00+00', '2026-05-03 12:00:00+00', '2026-05-04 12:00:00+00');
INSERT INTO Shipping_Details (shipping_id, order_id, address_id, shipping_method, tracking_number, status, estimated_delivery, shipped_at, delivered_at) VALUES (82, 82, 105, 'Standard', 'TRK202605040082', 'Delivered', '2026-05-07 00:00:00+00', '2026-05-05 00:00:00+00', '2026-05-07 00:00:00+00');
INSERT INTO Shipping_Details (shipping_id, order_id, address_id, shipping_method, tracking_number, status, estimated_delivery, shipped_at, delivered_at) VALUES (83, 83, 11, 'Express', 'TRK202605050083', 'Shipped', '2026-05-08 12:00:00+00', '2026-05-06 12:00:00+00', NULL);
INSERT INTO Shipping_Details (shipping_id, order_id, address_id, shipping_method, tracking_number, status, estimated_delivery, shipped_at, delivered_at) VALUES (84, 84, 53, 'Express', 'TRK202605070084', 'Delivered', '2026-05-09 00:00:00+00', '2026-05-08 00:00:00+00', '2026-05-09 00:00:00+00');
INSERT INTO Shipping_Details (shipping_id, order_id, address_id, shipping_method, tracking_number, status, estimated_delivery, shipped_at, delivered_at) VALUES (85, 85, 17, 'Express', 'TRK202605080085', 'Delivered', '2026-05-10 12:00:00+00', '2026-05-09 12:00:00+00', '2026-05-10 12:00:00+00');
INSERT INTO Shipping_Details (shipping_id, order_id, address_id, shipping_method, tracking_number, status, estimated_delivery, shipped_at, delivered_at) VALUES (86, 86, 107, 'Express', 'TRK202605100086', 'Delivered', '2026-05-12 00:00:00+00', '2026-05-11 00:00:00+00', '2026-05-12 00:00:00+00');
INSERT INTO Shipping_Details (shipping_id, order_id, address_id, shipping_method, tracking_number, status, estimated_delivery, shipped_at, delivered_at) VALUES (87, 87, 15, 'Express', 'TRK202605110087', 'Shipped', '2026-05-14 12:00:00+00', '2026-05-12 12:00:00+00', NULL);
INSERT INTO Shipping_Details (shipping_id, order_id, address_id, shipping_method, tracking_number, status, estimated_delivery, shipped_at, delivered_at) VALUES (88, 88, 73, 'Express', 'TRK202605130088', 'Delivered', '2026-05-16 00:00:00+00', '2026-05-14 00:00:00+00', '2026-05-16 00:00:00+00');
INSERT INTO Shipping_Details (shipping_id, order_id, address_id, shipping_method, tracking_number, status, estimated_delivery, shipped_at, delivered_at) VALUES (89, 89, 33, 'Express', 'TRK202605140089', 'Shipped', '2026-05-17 12:00:00+00', '2026-05-15 12:00:00+00', NULL);
INSERT INTO Shipping_Details (shipping_id, order_id, address_id, shipping_method, tracking_number, status, estimated_delivery, shipped_at, delivered_at) VALUES (90, 90, 5, 'Express', 'TRK202605160090', 'Delivered', '2026-05-18 00:00:00+00', '2026-05-17 00:00:00+00', '2026-05-18 00:00:00+00');
INSERT INTO Shipping_Details (shipping_id, order_id, address_id, shipping_method, tracking_number, status, estimated_delivery, shipped_at, delivered_at) VALUES (91, 91, 37, 'Express', 'TRK202605170091', 'Delivered', '2026-05-21 12:00:00+00', '2026-05-18 12:00:00+00', '2026-05-21 12:00:00+00');
INSERT INTO Shipping_Details (shipping_id, order_id, address_id, shipping_method, tracking_number, status, estimated_delivery, shipped_at, delivered_at) VALUES (92, 92, 61, 'Express', 'TRK202605190092', 'Delivered', '2026-05-23 00:00:00+00', '2026-05-20 00:00:00+00', '2026-05-23 00:00:00+00');
INSERT INTO Shipping_Details (shipping_id, order_id, address_id, shipping_method, tracking_number, status, estimated_delivery, shipped_at, delivered_at) VALUES (93, 93, 57, 'Express', 'TRK202605200093', 'Preparing', '2026-05-24 12:00:00+00', NULL, NULL);
INSERT INTO Shipping_Details (shipping_id, order_id, address_id, shipping_method, tracking_number, status, estimated_delivery, shipped_at, delivered_at) VALUES (94, 94, 103, 'Express', 'TRK202605220094', 'Delivered', '2026-05-26 00:00:00+00', '2026-05-23 00:00:00+00', '2026-05-26 00:00:00+00');
INSERT INTO Shipping_Details (shipping_id, order_id, address_id, shipping_method, tracking_number, status, estimated_delivery, shipped_at, delivered_at) VALUES (95, 95, 37, 'Express', 'TRK202605230095', 'Delivered', '2026-05-26 12:00:00+00', '2026-05-24 12:00:00+00', '2026-05-26 12:00:00+00');
INSERT INTO Shipping_Details (shipping_id, order_id, address_id, shipping_method, tracking_number, status, estimated_delivery, shipped_at, delivered_at) VALUES (96, 96, 81, 'Standard', 'TRK202605250096', 'Failed', NULL, NULL, NULL);
INSERT INTO Shipping_Details (shipping_id, order_id, address_id, shipping_method, tracking_number, status, estimated_delivery, shipped_at, delivered_at) VALUES (97, 97, 3, 'Standard', 'TRK202605260097', 'Delivered', '2026-05-30 12:00:00+00', '2026-05-27 12:00:00+00', '2026-05-30 12:00:00+00');
INSERT INTO Shipping_Details (shipping_id, order_id, address_id, shipping_method, tracking_number, status, estimated_delivery, shipped_at, delivered_at) VALUES (98, 98, 19, 'Express', 'TRK202605280098', 'Delivered', '2026-06-01 00:00:00+00', '2026-05-29 00:00:00+00', '2026-06-01 00:00:00+00');
INSERT INTO Shipping_Details (shipping_id, order_id, address_id, shipping_method, tracking_number, status, estimated_delivery, shipped_at, delivered_at) VALUES (99, 99, 35, 'Standard', 'TRK202605290099', 'Delivered', '2026-06-01 12:00:00+00', '2026-05-30 12:00:00+00', '2026-06-01 12:00:00+00');
INSERT INTO Shipping_Details (shipping_id, order_id, address_id, shipping_method, tracking_number, status, estimated_delivery, shipped_at, delivered_at) VALUES (100, 100, 99, 'Standard', 'TRK202605310100', 'Delivered', '2026-06-04 00:00:00+00', '2026-06-01 00:00:00+00', '2026-06-04 00:00:00+00');
INSERT INTO Shipping_Details (shipping_id, order_id, address_id, shipping_method, tracking_number, status, estimated_delivery, shipped_at, delivered_at) VALUES (101, 101, 57, 'Standard', 'TRK202606010101', 'Failed', NULL, NULL, NULL);
INSERT INTO Shipping_Details (shipping_id, order_id, address_id, shipping_method, tracking_number, status, estimated_delivery, shipped_at, delivered_at) VALUES (102, 102, 101, 'Express', 'TRK202606030102', 'Delivered', '2026-06-05 00:00:00+00', '2026-06-04 00:00:00+00', '2026-06-05 00:00:00+00');
INSERT INTO Shipping_Details (shipping_id, order_id, address_id, shipping_method, tracking_number, status, estimated_delivery, shipped_at, delivered_at) VALUES (103, 103, 47, 'Express', 'TRK202606040103', 'Delivered', '2026-06-08 12:00:00+00', '2026-06-05 12:00:00+00', '2026-06-08 12:00:00+00');
INSERT INTO Shipping_Details (shipping_id, order_id, address_id, shipping_method, tracking_number, status, estimated_delivery, shipped_at, delivered_at) VALUES (104, 104, 53, 'Standard', 'TRK202606060104', 'Out for Delivery', '2026-06-09 00:00:00+00', '2026-06-07 00:00:00+00', NULL);
INSERT INTO Shipping_Details (shipping_id, order_id, address_id, shipping_method, tracking_number, status, estimated_delivery, shipped_at, delivered_at) VALUES (105, 105, 81, 'Standard', 'TRK202606070105', 'Delivered', '2026-06-10 12:00:00+00', '2026-06-08 12:00:00+00', '2026-06-10 12:00:00+00');
INSERT INTO Shipping_Details (shipping_id, order_id, address_id, shipping_method, tracking_number, status, estimated_delivery, shipped_at, delivered_at) VALUES (106, 106, 21, 'Standard', 'TRK202606090106', 'Delivered', '2026-06-13 00:00:00+00', '2026-06-10 00:00:00+00', '2026-06-13 00:00:00+00');
INSERT INTO Shipping_Details (shipping_id, order_id, address_id, shipping_method, tracking_number, status, estimated_delivery, shipped_at, delivered_at) VALUES (107, 107, 39, 'Standard', 'TRK202606100107', 'Delivered', '2026-06-12 12:00:00+00', '2026-06-11 12:00:00+00', '2026-06-12 12:00:00+00');
INSERT INTO Shipping_Details (shipping_id, order_id, address_id, shipping_method, tracking_number, status, estimated_delivery, shipped_at, delivered_at) VALUES (108, 108, 85, 'Express', 'TRK202606120108', 'Delivered', '2026-06-16 00:00:00+00', '2026-06-13 00:00:00+00', '2026-06-16 00:00:00+00');
INSERT INTO Shipping_Details (shipping_id, order_id, address_id, shipping_method, tracking_number, status, estimated_delivery, shipped_at, delivered_at) VALUES (109, 109, 81, 'Standard', 'TRK202606130109', 'Delivered', '2026-06-15 12:00:00+00', '2026-06-14 12:00:00+00', '2026-06-15 12:00:00+00');
INSERT INTO Shipping_Details (shipping_id, order_id, address_id, shipping_method, tracking_number, status, estimated_delivery, shipped_at, delivered_at) VALUES (110, 110, 57, 'Express', 'TRK202606150110', 'Delivered', '2026-06-18 00:00:00+00', '2026-06-16 00:00:00+00', '2026-06-18 00:00:00+00');
INSERT INTO Shipping_Details (shipping_id, order_id, address_id, shipping_method, tracking_number, status, estimated_delivery, shipped_at, delivered_at) VALUES (111, 111, 17, 'Standard', 'TRK202606160111', 'Shipped', '2026-06-19 12:00:00+00', '2026-06-17 12:00:00+00', NULL);
INSERT INTO Shipping_Details (shipping_id, order_id, address_id, shipping_method, tracking_number, status, estimated_delivery, shipped_at, delivered_at) VALUES (112, 112, 37, 'Express', 'TRK202606180112', 'Preparing', '2026-06-22 00:00:00+00', NULL, NULL);
INSERT INTO Shipping_Details (shipping_id, order_id, address_id, shipping_method, tracking_number, status, estimated_delivery, shipped_at, delivered_at) VALUES (113, 113, 113, 'Standard', 'TRK202606190113', 'Delivered', '2026-06-23 12:00:00+00', '2026-06-20 12:00:00+00', '2026-06-23 12:00:00+00');
INSERT INTO Shipping_Details (shipping_id, order_id, address_id, shipping_method, tracking_number, status, estimated_delivery, shipped_at, delivered_at) VALUES (114, 114, 45, 'Standard', 'TRK202606210114', 'Delivered', '2026-06-24 00:00:00+00', '2026-06-22 00:00:00+00', '2026-06-24 00:00:00+00');
INSERT INTO Shipping_Details (shipping_id, order_id, address_id, shipping_method, tracking_number, status, estimated_delivery, shipped_at, delivered_at) VALUES (115, 115, 93, 'Express', 'TRK202606220115', 'Delivered', '2026-06-26 12:00:00+00', '2026-06-23 12:00:00+00', '2026-06-26 12:00:00+00');
SELECT setval('shipping_details_shipping_id_seq', COALESCE((SELECT MAX(shipping_id)+1 FROM Shipping_Details), 1), false);

-- Order Items (This triggers decrement_stock_func)
INSERT INTO Order_Items (order_item_id, order_id, product_id, quantity, price_at_purchase) VALUES (1, 1, 31, 2, 8999.0);
INSERT INTO Order_Items (order_item_id, order_id, product_id, quantity, price_at_purchase) VALUES (2, 1, 30, 2, 8999.0);
INSERT INTO Order_Items (order_item_id, order_id, product_id, quantity, price_at_purchase) VALUES (3, 1, 28, 1, 14999.0);
INSERT INTO Order_Items (order_item_id, order_id, product_id, quantity, price_at_purchase) VALUES (4, 2, 25, 2, 144999.0);
INSERT INTO Order_Items (order_item_id, order_id, product_id, quantity, price_at_purchase) VALUES (5, 2, 22, 2, 349900.0);
INSERT INTO Order_Items (order_item_id, order_id, product_id, quantity, price_at_purchase) VALUES (6, 2, 2, 1, 124999.0);
INSERT INTO Order_Items (order_item_id, order_id, product_id, quantity, price_at_purchase) VALUES (7, 3, 18, 1, 5999.0);
INSERT INTO Order_Items (order_item_id, order_id, product_id, quantity, price_at_purchase) VALUES (8, 3, 1, 1, 109999.0);
INSERT INTO Order_Items (order_item_id, order_id, product_id, quantity, price_at_purchase) VALUES (9, 3, 34, 1, 11999.0);
INSERT INTO Order_Items (order_item_id, order_id, product_id, quantity, price_at_purchase) VALUES (10, 4, 32, 1, 6999.0);
INSERT INTO Order_Items (order_item_id, order_id, product_id, quantity, price_at_purchase) VALUES (11, 4, 29, 2, 19999.0);
INSERT INTO Order_Items (order_item_id, order_id, product_id, quantity, price_at_purchase) VALUES (12, 4, 2, 1, 124999.0);
INSERT INTO Order_Items (order_item_id, order_id, product_id, quantity, price_at_purchase) VALUES (13, 5, 34, 2, 11999.0);
INSERT INTO Order_Items (order_item_id, order_id, product_id, quantity, price_at_purchase) VALUES (14, 5, 23, 2, 129999.0);
INSERT INTO Order_Items (order_item_id, order_id, product_id, quantity, price_at_purchase) VALUES (15, 5, 28, 2, 14999.0);
INSERT INTO Order_Items (order_item_id, order_id, product_id, quantity, price_at_purchase) VALUES (16, 6, 35, 1, 3499.0);
INSERT INTO Order_Items (order_item_id, order_id, product_id, quantity, price_at_purchase) VALUES (17, 7, 24, 1, 159999.0);
INSERT INTO Order_Items (order_item_id, order_id, product_id, quantity, price_at_purchase) VALUES (18, 8, 9, 1, 1499.0);
INSERT INTO Order_Items (order_item_id, order_id, product_id, quantity, price_at_purchase) VALUES (19, 8, 32, 2, 6999.0);
INSERT INTO Order_Items (order_item_id, order_id, product_id, quantity, price_at_purchase) VALUES (20, 8, 7, 2, 35999.0);
INSERT INTO Order_Items (order_item_id, order_id, product_id, quantity, price_at_purchase) VALUES (21, 9, 8, 2, 24999.0);
INSERT INTO Order_Items (order_item_id, order_id, product_id, quantity, price_at_purchase) VALUES (22, 9, 5, 2, 25999.0);
INSERT INTO Order_Items (order_item_id, order_id, product_id, quantity, price_at_purchase) VALUES (23, 10, 8, 2, 24999.0);
INSERT INTO Order_Items (order_item_id, order_id, product_id, quantity, price_at_purchase) VALUES (24, 11, 20, 2, 8999.0);
INSERT INTO Order_Items (order_item_id, order_id, product_id, quantity, price_at_purchase) VALUES (25, 11, 28, 1, 14999.0);
INSERT INTO Order_Items (order_item_id, order_id, product_id, quantity, price_at_purchase) VALUES (26, 12, 6, 1, 29999.0);
INSERT INTO Order_Items (order_item_id, order_id, product_id, quantity, price_at_purchase) VALUES (27, 12, 11, 1, 3499.0);
INSERT INTO Order_Items (order_item_id, order_id, product_id, quantity, price_at_purchase) VALUES (28, 12, 16, 1, 9999.0);
INSERT INTO Order_Items (order_item_id, order_id, product_id, quantity, price_at_purchase) VALUES (29, 13, 19, 1, 2999.0);
INSERT INTO Order_Items (order_item_id, order_id, product_id, quantity, price_at_purchase) VALUES (30, 13, 30, 2, 8999.0);
INSERT INTO Order_Items (order_item_id, order_id, product_id, quantity, price_at_purchase) VALUES (31, 13, 5, 1, 25999.0);
INSERT INTO Order_Items (order_item_id, order_id, product_id, quantity, price_at_purchase) VALUES (32, 14, 5, 1, 25999.0);
INSERT INTO Order_Items (order_item_id, order_id, product_id, quantity, price_at_purchase) VALUES (33, 15, 20, 2, 8999.0);
INSERT INTO Order_Items (order_item_id, order_id, product_id, quantity, price_at_purchase) VALUES (34, 15, 26, 2, 9499.0);
INSERT INTO Order_Items (order_item_id, order_id, product_id, quantity, price_at_purchase) VALUES (35, 15, 18, 1, 5999.0);
INSERT INTO Order_Items (order_item_id, order_id, product_id, quantity, price_at_purchase) VALUES (36, 16, 2, 2, 124999.0);
INSERT INTO Order_Items (order_item_id, order_id, product_id, quantity, price_at_purchase) VALUES (37, 17, 12, 2, 4999.0);
INSERT INTO Order_Items (order_item_id, order_id, product_id, quantity, price_at_purchase) VALUES (38, 17, 28, 1, 14999.0);
INSERT INTO Order_Items (order_item_id, order_id, product_id, quantity, price_at_purchase) VALUES (39, 18, 22, 2, 349900.0);
INSERT INTO Order_Items (order_item_id, order_id, product_id, quantity, price_at_purchase) VALUES (40, 19, 17, 1, 17999.0);
INSERT INTO Order_Items (order_item_id, order_id, product_id, quantity, price_at_purchase) VALUES (41, 19, 21, 2, 114900.0);
INSERT INTO Order_Items (order_item_id, order_id, product_id, quantity, price_at_purchase) VALUES (42, 20, 32, 1, 6999.0);
INSERT INTO Order_Items (order_item_id, order_id, product_id, quantity, price_at_purchase) VALUES (43, 20, 29, 1, 19999.0);
INSERT INTO Order_Items (order_item_id, order_id, product_id, quantity, price_at_purchase) VALUES (44, 21, 2, 1, 124999.0);
INSERT INTO Order_Items (order_item_id, order_id, product_id, quantity, price_at_purchase) VALUES (45, 22, 30, 1, 8999.0);
INSERT INTO Order_Items (order_item_id, order_id, product_id, quantity, price_at_purchase) VALUES (46, 23, 27, 2, 7999.0);
INSERT INTO Order_Items (order_item_id, order_id, product_id, quantity, price_at_purchase) VALUES (47, 23, 31, 1, 8999.0);
INSERT INTO Order_Items (order_item_id, order_id, product_id, quantity, price_at_purchase) VALUES (48, 24, 9, 2, 1499.0);
INSERT INTO Order_Items (order_item_id, order_id, product_id, quantity, price_at_purchase) VALUES (49, 24, 5, 2, 25999.0);
INSERT INTO Order_Items (order_item_id, order_id, product_id, quantity, price_at_purchase) VALUES (50, 24, 18, 2, 5999.0);
INSERT INTO Order_Items (order_item_id, order_id, product_id, quantity, price_at_purchase) VALUES (51, 25, 29, 2, 19999.0);
INSERT INTO Order_Items (order_item_id, order_id, product_id, quantity, price_at_purchase) VALUES (52, 26, 16, 2, 9999.0);
INSERT INTO Order_Items (order_item_id, order_id, product_id, quantity, price_at_purchase) VALUES (53, 27, 25, 2, 144999.0);
INSERT INTO Order_Items (order_item_id, order_id, product_id, quantity, price_at_purchase) VALUES (54, 27, 10, 1, 9999.0);
INSERT INTO Order_Items (order_item_id, order_id, product_id, quantity, price_at_purchase) VALUES (55, 28, 1, 2, 109999.0);
INSERT INTO Order_Items (order_item_id, order_id, product_id, quantity, price_at_purchase) VALUES (56, 28, 10, 1, 9999.0);
INSERT INTO Order_Items (order_item_id, order_id, product_id, quantity, price_at_purchase) VALUES (57, 29, 35, 2, 3499.0);
INSERT INTO Order_Items (order_item_id, order_id, product_id, quantity, price_at_purchase) VALUES (58, 29, 25, 1, 144999.0);
INSERT INTO Order_Items (order_item_id, order_id, product_id, quantity, price_at_purchase) VALUES (59, 29, 21, 1, 114900.0);
INSERT INTO Order_Items (order_item_id, order_id, product_id, quantity, price_at_purchase) VALUES (60, 30, 11, 1, 3499.0);
INSERT INTO Order_Items (order_item_id, order_id, product_id, quantity, price_at_purchase) VALUES (61, 30, 20, 1, 8999.0);
INSERT INTO Order_Items (order_item_id, order_id, product_id, quantity, price_at_purchase) VALUES (62, 31, 16, 2, 9999.0);
INSERT INTO Order_Items (order_item_id, order_id, product_id, quantity, price_at_purchase) VALUES (63, 32, 16, 1, 9999.0);
INSERT INTO Order_Items (order_item_id, order_id, product_id, quantity, price_at_purchase) VALUES (64, 32, 32, 1, 6999.0);
INSERT INTO Order_Items (order_item_id, order_id, product_id, quantity, price_at_purchase) VALUES (65, 33, 19, 1, 2999.0);
INSERT INTO Order_Items (order_item_id, order_id, product_id, quantity, price_at_purchase) VALUES (66, 33, 35, 1, 3499.0);
INSERT INTO Order_Items (order_item_id, order_id, product_id, quantity, price_at_purchase) VALUES (67, 34, 20, 2, 8999.0);
INSERT INTO Order_Items (order_item_id, order_id, product_id, quantity, price_at_purchase) VALUES (68, 34, 13, 2, 3999.0);
INSERT INTO Order_Items (order_item_id, order_id, product_id, quantity, price_at_purchase) VALUES (69, 35, 26, 2, 9499.0);
INSERT INTO Order_Items (order_item_id, order_id, product_id, quantity, price_at_purchase) VALUES (70, 36, 15, 1, 1299.0);
INSERT INTO Order_Items (order_item_id, order_id, product_id, quantity, price_at_purchase) VALUES (71, 36, 23, 1, 129999.0);
INSERT INTO Order_Items (order_item_id, order_id, product_id, quantity, price_at_purchase) VALUES (72, 37, 3, 1, 64999.0);
INSERT INTO Order_Items (order_item_id, order_id, product_id, quantity, price_at_purchase) VALUES (73, 37, 20, 2, 8999.0);
INSERT INTO Order_Items (order_item_id, order_id, product_id, quantity, price_at_purchase) VALUES (74, 37, 29, 1, 19999.0);
INSERT INTO Order_Items (order_item_id, order_id, product_id, quantity, price_at_purchase) VALUES (75, 38, 24, 2, 159999.0);
INSERT INTO Order_Items (order_item_id, order_id, product_id, quantity, price_at_purchase) VALUES (76, 38, 34, 1, 11999.0);
INSERT INTO Order_Items (order_item_id, order_id, product_id, quantity, price_at_purchase) VALUES (77, 38, 33, 2, 49900.0);
INSERT INTO Order_Items (order_item_id, order_id, product_id, quantity, price_at_purchase) VALUES (78, 39, 30, 1, 8999.0);
INSERT INTO Order_Items (order_item_id, order_id, product_id, quantity, price_at_purchase) VALUES (79, 40, 1, 1, 109999.0);
INSERT INTO Order_Items (order_item_id, order_id, product_id, quantity, price_at_purchase) VALUES (80, 40, 17, 2, 17999.0);
INSERT INTO Order_Items (order_item_id, order_id, product_id, quantity, price_at_purchase) VALUES (81, 41, 7, 2, 35999.0);
INSERT INTO Order_Items (order_item_id, order_id, product_id, quantity, price_at_purchase) VALUES (82, 41, 15, 1, 1299.0);
INSERT INTO Order_Items (order_item_id, order_id, product_id, quantity, price_at_purchase) VALUES (83, 42, 30, 1, 8999.0);
INSERT INTO Order_Items (order_item_id, order_id, product_id, quantity, price_at_purchase) VALUES (84, 42, 20, 1, 8999.0);
INSERT INTO Order_Items (order_item_id, order_id, product_id, quantity, price_at_purchase) VALUES (85, 42, 27, 1, 7999.0);
INSERT INTO Order_Items (order_item_id, order_id, product_id, quantity, price_at_purchase) VALUES (86, 43, 9, 2, 1499.0);
INSERT INTO Order_Items (order_item_id, order_id, product_id, quantity, price_at_purchase) VALUES (87, 43, 25, 2, 144999.0);
INSERT INTO Order_Items (order_item_id, order_id, product_id, quantity, price_at_purchase) VALUES (88, 43, 30, 1, 8999.0);
INSERT INTO Order_Items (order_item_id, order_id, product_id, quantity, price_at_purchase) VALUES (89, 44, 3, 1, 64999.0);
INSERT INTO Order_Items (order_item_id, order_id, product_id, quantity, price_at_purchase) VALUES (90, 44, 24, 2, 159999.0);
INSERT INTO Order_Items (order_item_id, order_id, product_id, quantity, price_at_purchase) VALUES (91, 45, 23, 2, 129999.0);
INSERT INTO Order_Items (order_item_id, order_id, product_id, quantity, price_at_purchase) VALUES (92, 45, 4, 1, 93999.0);
INSERT INTO Order_Items (order_item_id, order_id, product_id, quantity, price_at_purchase) VALUES (93, 45, 26, 1, 9499.0);
INSERT INTO Order_Items (order_item_id, order_id, product_id, quantity, price_at_purchase) VALUES (94, 46, 2, 1, 124999.0);
INSERT INTO Order_Items (order_item_id, order_id, product_id, quantity, price_at_purchase) VALUES (95, 46, 4, 1, 93999.0);
INSERT INTO Order_Items (order_item_id, order_id, product_id, quantity, price_at_purchase) VALUES (96, 46, 22, 1, 349900.0);
INSERT INTO Order_Items (order_item_id, order_id, product_id, quantity, price_at_purchase) VALUES (97, 47, 1, 1, 109999.0);
INSERT INTO Order_Items (order_item_id, order_id, product_id, quantity, price_at_purchase) VALUES (98, 47, 18, 2, 5999.0);
INSERT INTO Order_Items (order_item_id, order_id, product_id, quantity, price_at_purchase) VALUES (99, 47, 10, 1, 9999.0);
INSERT INTO Order_Items (order_item_id, order_id, product_id, quantity, price_at_purchase) VALUES (100, 48, 21, 2, 114900.0);
INSERT INTO Order_Items (order_item_id, order_id, product_id, quantity, price_at_purchase) VALUES (101, 48, 2, 1, 124999.0);
INSERT INTO Order_Items (order_item_id, order_id, product_id, quantity, price_at_purchase) VALUES (102, 48, 12, 1, 4999.0);
INSERT INTO Order_Items (order_item_id, order_id, product_id, quantity, price_at_purchase) VALUES (103, 49, 33, 2, 49900.0);
INSERT INTO Order_Items (order_item_id, order_id, product_id, quantity, price_at_purchase) VALUES (104, 49, 7, 1, 35999.0);
INSERT INTO Order_Items (order_item_id, order_id, product_id, quantity, price_at_purchase) VALUES (105, 50, 26, 1, 9499.0);
INSERT INTO Order_Items (order_item_id, order_id, product_id, quantity, price_at_purchase) VALUES (106, 50, 28, 2, 14999.0);
INSERT INTO Order_Items (order_item_id, order_id, product_id, quantity, price_at_purchase) VALUES (107, 51, 10, 2, 9999.0);
INSERT INTO Order_Items (order_item_id, order_id, product_id, quantity, price_at_purchase) VALUES (108, 51, 5, 2, 25999.0);
INSERT INTO Order_Items (order_item_id, order_id, product_id, quantity, price_at_purchase) VALUES (109, 51, 9, 2, 1499.0);
INSERT INTO Order_Items (order_item_id, order_id, product_id, quantity, price_at_purchase) VALUES (110, 52, 8, 1, 24999.0);
INSERT INTO Order_Items (order_item_id, order_id, product_id, quantity, price_at_purchase) VALUES (111, 53, 7, 2, 35999.0);
INSERT INTO Order_Items (order_item_id, order_id, product_id, quantity, price_at_purchase) VALUES (112, 53, 21, 2, 114900.0);
INSERT INTO Order_Items (order_item_id, order_id, product_id, quantity, price_at_purchase) VALUES (113, 54, 6, 1, 29999.0);
INSERT INTO Order_Items (order_item_id, order_id, product_id, quantity, price_at_purchase) VALUES (114, 55, 22, 2, 349900.0);
INSERT INTO Order_Items (order_item_id, order_id, product_id, quantity, price_at_purchase) VALUES (115, 55, 8, 2, 24999.0);
INSERT INTO Order_Items (order_item_id, order_id, product_id, quantity, price_at_purchase) VALUES (116, 55, 27, 1, 7999.0);
INSERT INTO Order_Items (order_item_id, order_id, product_id, quantity, price_at_purchase) VALUES (117, 56, 10, 2, 9999.0);
INSERT INTO Order_Items (order_item_id, order_id, product_id, quantity, price_at_purchase) VALUES (118, 57, 28, 1, 14999.0);
INSERT INTO Order_Items (order_item_id, order_id, product_id, quantity, price_at_purchase) VALUES (119, 58, 22, 1, 349900.0);
INSERT INTO Order_Items (order_item_id, order_id, product_id, quantity, price_at_purchase) VALUES (120, 58, 23, 1, 129999.0);
INSERT INTO Order_Items (order_item_id, order_id, product_id, quantity, price_at_purchase) VALUES (121, 59, 6, 1, 29999.0);
INSERT INTO Order_Items (order_item_id, order_id, product_id, quantity, price_at_purchase) VALUES (122, 60, 6, 1, 29999.0);
INSERT INTO Order_Items (order_item_id, order_id, product_id, quantity, price_at_purchase) VALUES (123, 60, 4, 1, 93999.0);
INSERT INTO Order_Items (order_item_id, order_id, product_id, quantity, price_at_purchase) VALUES (124, 61, 29, 2, 19999.0);
INSERT INTO Order_Items (order_item_id, order_id, product_id, quantity, price_at_purchase) VALUES (125, 61, 27, 1, 7999.0);
INSERT INTO Order_Items (order_item_id, order_id, product_id, quantity, price_at_purchase) VALUES (126, 62, 32, 1, 6999.0);
INSERT INTO Order_Items (order_item_id, order_id, product_id, quantity, price_at_purchase) VALUES (127, 62, 34, 1, 11999.0);
INSERT INTO Order_Items (order_item_id, order_id, product_id, quantity, price_at_purchase) VALUES (128, 62, 20, 2, 8999.0);
INSERT INTO Order_Items (order_item_id, order_id, product_id, quantity, price_at_purchase) VALUES (129, 63, 17, 2, 17999.0);
INSERT INTO Order_Items (order_item_id, order_id, product_id, quantity, price_at_purchase) VALUES (130, 64, 15, 1, 1299.0);
INSERT INTO Order_Items (order_item_id, order_id, product_id, quantity, price_at_purchase) VALUES (131, 64, 33, 2, 49900.0);
INSERT INTO Order_Items (order_item_id, order_id, product_id, quantity, price_at_purchase) VALUES (132, 64, 23, 1, 129999.0);
INSERT INTO Order_Items (order_item_id, order_id, product_id, quantity, price_at_purchase) VALUES (133, 65, 27, 1, 7999.0);
INSERT INTO Order_Items (order_item_id, order_id, product_id, quantity, price_at_purchase) VALUES (134, 65, 19, 2, 2999.0);
INSERT INTO Order_Items (order_item_id, order_id, product_id, quantity, price_at_purchase) VALUES (135, 66, 7, 2, 35999.0);
INSERT INTO Order_Items (order_item_id, order_id, product_id, quantity, price_at_purchase) VALUES (136, 66, 16, 2, 9999.0);
INSERT INTO Order_Items (order_item_id, order_id, product_id, quantity, price_at_purchase) VALUES (137, 67, 5, 1, 25999.0);
INSERT INTO Order_Items (order_item_id, order_id, product_id, quantity, price_at_purchase) VALUES (138, 68, 10, 1, 9999.0);
INSERT INTO Order_Items (order_item_id, order_id, product_id, quantity, price_at_purchase) VALUES (139, 68, 16, 2, 9999.0);
INSERT INTO Order_Items (order_item_id, order_id, product_id, quantity, price_at_purchase) VALUES (140, 68, 7, 1, 35999.0);
INSERT INTO Order_Items (order_item_id, order_id, product_id, quantity, price_at_purchase) VALUES (141, 69, 32, 2, 6999.0);
INSERT INTO Order_Items (order_item_id, order_id, product_id, quantity, price_at_purchase) VALUES (142, 69, 30, 2, 8999.0);
INSERT INTO Order_Items (order_item_id, order_id, product_id, quantity, price_at_purchase) VALUES (143, 69, 29, 1, 19999.0);
INSERT INTO Order_Items (order_item_id, order_id, product_id, quantity, price_at_purchase) VALUES (144, 70, 23, 1, 129999.0);
INSERT INTO Order_Items (order_item_id, order_id, product_id, quantity, price_at_purchase) VALUES (145, 71, 6, 2, 29999.0);
INSERT INTO Order_Items (order_item_id, order_id, product_id, quantity, price_at_purchase) VALUES (146, 72, 13, 1, 3999.0);
INSERT INTO Order_Items (order_item_id, order_id, product_id, quantity, price_at_purchase) VALUES (147, 72, 21, 1, 114900.0);
INSERT INTO Order_Items (order_item_id, order_id, product_id, quantity, price_at_purchase) VALUES (148, 72, 31, 2, 8999.0);
INSERT INTO Order_Items (order_item_id, order_id, product_id, quantity, price_at_purchase) VALUES (149, 73, 29, 2, 19999.0);
INSERT INTO Order_Items (order_item_id, order_id, product_id, quantity, price_at_purchase) VALUES (150, 74, 27, 1, 7999.0);
INSERT INTO Order_Items (order_item_id, order_id, product_id, quantity, price_at_purchase) VALUES (151, 74, 22, 2, 349900.0);
INSERT INTO Order_Items (order_item_id, order_id, product_id, quantity, price_at_purchase) VALUES (152, 75, 10, 1, 9999.0);
INSERT INTO Order_Items (order_item_id, order_id, product_id, quantity, price_at_purchase) VALUES (153, 75, 22, 2, 349900.0);
INSERT INTO Order_Items (order_item_id, order_id, product_id, quantity, price_at_purchase) VALUES (154, 75, 6, 2, 29999.0);
INSERT INTO Order_Items (order_item_id, order_id, product_id, quantity, price_at_purchase) VALUES (155, 76, 20, 2, 8999.0);
INSERT INTO Order_Items (order_item_id, order_id, product_id, quantity, price_at_purchase) VALUES (156, 77, 34, 2, 11999.0);
INSERT INTO Order_Items (order_item_id, order_id, product_id, quantity, price_at_purchase) VALUES (157, 77, 6, 1, 29999.0);
INSERT INTO Order_Items (order_item_id, order_id, product_id, quantity, price_at_purchase) VALUES (158, 77, 28, 2, 14999.0);
INSERT INTO Order_Items (order_item_id, order_id, product_id, quantity, price_at_purchase) VALUES (159, 78, 10, 1, 9999.0);
INSERT INTO Order_Items (order_item_id, order_id, product_id, quantity, price_at_purchase) VALUES (160, 79, 9, 1, 1499.0);
INSERT INTO Order_Items (order_item_id, order_id, product_id, quantity, price_at_purchase) VALUES (161, 79, 25, 1, 144999.0);
INSERT INTO Order_Items (order_item_id, order_id, product_id, quantity, price_at_purchase) VALUES (162, 79, 10, 1, 9999.0);
INSERT INTO Order_Items (order_item_id, order_id, product_id, quantity, price_at_purchase) VALUES (163, 80, 29, 2, 19999.0);
INSERT INTO Order_Items (order_item_id, order_id, product_id, quantity, price_at_purchase) VALUES (164, 81, 13, 2, 3999.0);
INSERT INTO Order_Items (order_item_id, order_id, product_id, quantity, price_at_purchase) VALUES (165, 81, 24, 2, 159999.0);
INSERT INTO Order_Items (order_item_id, order_id, product_id, quantity, price_at_purchase) VALUES (166, 82, 9, 2, 1499.0);
INSERT INTO Order_Items (order_item_id, order_id, product_id, quantity, price_at_purchase) VALUES (167, 82, 17, 2, 17999.0);
INSERT INTO Order_Items (order_item_id, order_id, product_id, quantity, price_at_purchase) VALUES (168, 82, 4, 1, 93999.0);
INSERT INTO Order_Items (order_item_id, order_id, product_id, quantity, price_at_purchase) VALUES (169, 83, 29, 1, 19999.0);
INSERT INTO Order_Items (order_item_id, order_id, product_id, quantity, price_at_purchase) VALUES (170, 83, 33, 2, 49900.0);
INSERT INTO Order_Items (order_item_id, order_id, product_id, quantity, price_at_purchase) VALUES (171, 84, 24, 1, 159999.0);
INSERT INTO Order_Items (order_item_id, order_id, product_id, quantity, price_at_purchase) VALUES (172, 84, 16, 2, 9999.0);
INSERT INTO Order_Items (order_item_id, order_id, product_id, quantity, price_at_purchase) VALUES (173, 84, 25, 1, 144999.0);
INSERT INTO Order_Items (order_item_id, order_id, product_id, quantity, price_at_purchase) VALUES (174, 85, 9, 2, 1499.0);
INSERT INTO Order_Items (order_item_id, order_id, product_id, quantity, price_at_purchase) VALUES (175, 85, 31, 1, 8999.0);
INSERT INTO Order_Items (order_item_id, order_id, product_id, quantity, price_at_purchase) VALUES (176, 86, 34, 2, 11999.0);
INSERT INTO Order_Items (order_item_id, order_id, product_id, quantity, price_at_purchase) VALUES (177, 86, 28, 1, 14999.0);
INSERT INTO Order_Items (order_item_id, order_id, product_id, quantity, price_at_purchase) VALUES (178, 86, 8, 2, 24999.0);
INSERT INTO Order_Items (order_item_id, order_id, product_id, quantity, price_at_purchase) VALUES (179, 87, 35, 1, 3499.0);
INSERT INTO Order_Items (order_item_id, order_id, product_id, quantity, price_at_purchase) VALUES (180, 87, 2, 1, 124999.0);
INSERT INTO Order_Items (order_item_id, order_id, product_id, quantity, price_at_purchase) VALUES (181, 88, 6, 1, 29999.0);
INSERT INTO Order_Items (order_item_id, order_id, product_id, quantity, price_at_purchase) VALUES (182, 88, 34, 1, 11999.0);
INSERT INTO Order_Items (order_item_id, order_id, product_id, quantity, price_at_purchase) VALUES (183, 88, 24, 2, 159999.0);
INSERT INTO Order_Items (order_item_id, order_id, product_id, quantity, price_at_purchase) VALUES (184, 89, 5, 1, 25999.0);
INSERT INTO Order_Items (order_item_id, order_id, product_id, quantity, price_at_purchase) VALUES (185, 89, 23, 1, 129999.0);
INSERT INTO Order_Items (order_item_id, order_id, product_id, quantity, price_at_purchase) VALUES (186, 90, 12, 2, 4999.0);
INSERT INTO Order_Items (order_item_id, order_id, product_id, quantity, price_at_purchase) VALUES (187, 90, 30, 1, 8999.0);
INSERT INTO Order_Items (order_item_id, order_id, product_id, quantity, price_at_purchase) VALUES (188, 91, 3, 2, 64999.0);
INSERT INTO Order_Items (order_item_id, order_id, product_id, quantity, price_at_purchase) VALUES (189, 92, 13, 1, 3999.0);
INSERT INTO Order_Items (order_item_id, order_id, product_id, quantity, price_at_purchase) VALUES (190, 92, 19, 2, 2999.0);
INSERT INTO Order_Items (order_item_id, order_id, product_id, quantity, price_at_purchase) VALUES (191, 92, 23, 2, 129999.0);
INSERT INTO Order_Items (order_item_id, order_id, product_id, quantity, price_at_purchase) VALUES (192, 93, 22, 2, 349900.0);
INSERT INTO Order_Items (order_item_id, order_id, product_id, quantity, price_at_purchase) VALUES (193, 93, 12, 2, 4999.0);
INSERT INTO Order_Items (order_item_id, order_id, product_id, quantity, price_at_purchase) VALUES (194, 94, 6, 1, 29999.0);
INSERT INTO Order_Items (order_item_id, order_id, product_id, quantity, price_at_purchase) VALUES (195, 94, 28, 2, 14999.0);
INSERT INTO Order_Items (order_item_id, order_id, product_id, quantity, price_at_purchase) VALUES (196, 95, 28, 2, 14999.0);
INSERT INTO Order_Items (order_item_id, order_id, product_id, quantity, price_at_purchase) VALUES (197, 95, 11, 2, 3499.0);
INSERT INTO Order_Items (order_item_id, order_id, product_id, quantity, price_at_purchase) VALUES (198, 95, 29, 1, 19999.0);
INSERT INTO Order_Items (order_item_id, order_id, product_id, quantity, price_at_purchase) VALUES (199, 96, 26, 2, 9499.0);
INSERT INTO Order_Items (order_item_id, order_id, product_id, quantity, price_at_purchase) VALUES (200, 97, 29, 1, 19999.0);
INSERT INTO Order_Items (order_item_id, order_id, product_id, quantity, price_at_purchase) VALUES (201, 97, 3, 1, 64999.0);
INSERT INTO Order_Items (order_item_id, order_id, product_id, quantity, price_at_purchase) VALUES (202, 97, 9, 2, 1499.0);
INSERT INTO Order_Items (order_item_id, order_id, product_id, quantity, price_at_purchase) VALUES (203, 98, 24, 1, 159999.0);
INSERT INTO Order_Items (order_item_id, order_id, product_id, quantity, price_at_purchase) VALUES (204, 98, 29, 1, 19999.0);
INSERT INTO Order_Items (order_item_id, order_id, product_id, quantity, price_at_purchase) VALUES (205, 99, 2, 1, 124999.0);
INSERT INTO Order_Items (order_item_id, order_id, product_id, quantity, price_at_purchase) VALUES (206, 100, 14, 2, 2499.0);
INSERT INTO Order_Items (order_item_id, order_id, product_id, quantity, price_at_purchase) VALUES (207, 100, 19, 1, 2999.0);
INSERT INTO Order_Items (order_item_id, order_id, product_id, quantity, price_at_purchase) VALUES (208, 101, 23, 2, 129999.0);
INSERT INTO Order_Items (order_item_id, order_id, product_id, quantity, price_at_purchase) VALUES (209, 101, 5, 2, 25999.0);
INSERT INTO Order_Items (order_item_id, order_id, product_id, quantity, price_at_purchase) VALUES (210, 101, 35, 1, 3499.0);
INSERT INTO Order_Items (order_item_id, order_id, product_id, quantity, price_at_purchase) VALUES (211, 102, 8, 1, 24999.0);
INSERT INTO Order_Items (order_item_id, order_id, product_id, quantity, price_at_purchase) VALUES (212, 103, 30, 1, 8999.0);
INSERT INTO Order_Items (order_item_id, order_id, product_id, quantity, price_at_purchase) VALUES (213, 103, 9, 1, 1499.0);
INSERT INTO Order_Items (order_item_id, order_id, product_id, quantity, price_at_purchase) VALUES (214, 104, 5, 1, 25999.0);
INSERT INTO Order_Items (order_item_id, order_id, product_id, quantity, price_at_purchase) VALUES (215, 104, 9, 2, 1499.0);
INSERT INTO Order_Items (order_item_id, order_id, product_id, quantity, price_at_purchase) VALUES (216, 104, 21, 2, 114900.0);
INSERT INTO Order_Items (order_item_id, order_id, product_id, quantity, price_at_purchase) VALUES (217, 105, 28, 1, 14999.0);
INSERT INTO Order_Items (order_item_id, order_id, product_id, quantity, price_at_purchase) VALUES (218, 106, 15, 2, 1299.0);
INSERT INTO Order_Items (order_item_id, order_id, product_id, quantity, price_at_purchase) VALUES (219, 106, 23, 1, 129999.0);
INSERT INTO Order_Items (order_item_id, order_id, product_id, quantity, price_at_purchase) VALUES (220, 106, 34, 2, 11999.0);
INSERT INTO Order_Items (order_item_id, order_id, product_id, quantity, price_at_purchase) VALUES (221, 107, 33, 1, 49900.0);
INSERT INTO Order_Items (order_item_id, order_id, product_id, quantity, price_at_purchase) VALUES (222, 108, 22, 1, 349900.0);
INSERT INTO Order_Items (order_item_id, order_id, product_id, quantity, price_at_purchase) VALUES (223, 108, 3, 1, 64999.0);
INSERT INTO Order_Items (order_item_id, order_id, product_id, quantity, price_at_purchase) VALUES (224, 108, 2, 2, 124999.0);
INSERT INTO Order_Items (order_item_id, order_id, product_id, quantity, price_at_purchase) VALUES (225, 109, 35, 2, 3499.0);
INSERT INTO Order_Items (order_item_id, order_id, product_id, quantity, price_at_purchase) VALUES (226, 109, 19, 1, 2999.0);
INSERT INTO Order_Items (order_item_id, order_id, product_id, quantity, price_at_purchase) VALUES (227, 109, 20, 2, 8999.0);
INSERT INTO Order_Items (order_item_id, order_id, product_id, quantity, price_at_purchase) VALUES (228, 110, 14, 1, 2499.0);
INSERT INTO Order_Items (order_item_id, order_id, product_id, quantity, price_at_purchase) VALUES (229, 110, 22, 2, 349900.0);
INSERT INTO Order_Items (order_item_id, order_id, product_id, quantity, price_at_purchase) VALUES (230, 111, 7, 2, 35999.0);
INSERT INTO Order_Items (order_item_id, order_id, product_id, quantity, price_at_purchase) VALUES (231, 111, 21, 1, 114900.0);
INSERT INTO Order_Items (order_item_id, order_id, product_id, quantity, price_at_purchase) VALUES (232, 111, 16, 2, 9999.0);
INSERT INTO Order_Items (order_item_id, order_id, product_id, quantity, price_at_purchase) VALUES (233, 112, 27, 2, 7999.0);
INSERT INTO Order_Items (order_item_id, order_id, product_id, quantity, price_at_purchase) VALUES (234, 112, 16, 2, 9999.0);
INSERT INTO Order_Items (order_item_id, order_id, product_id, quantity, price_at_purchase) VALUES (235, 112, 11, 1, 3499.0);
INSERT INTO Order_Items (order_item_id, order_id, product_id, quantity, price_at_purchase) VALUES (236, 113, 6, 2, 29999.0);
INSERT INTO Order_Items (order_item_id, order_id, product_id, quantity, price_at_purchase) VALUES (237, 114, 32, 2, 6999.0);
INSERT INTO Order_Items (order_item_id, order_id, product_id, quantity, price_at_purchase) VALUES (238, 114, 31, 1, 8999.0);
INSERT INTO Order_Items (order_item_id, order_id, product_id, quantity, price_at_purchase) VALUES (239, 115, 24, 2, 159999.0);
INSERT INTO Order_Items (order_item_id, order_id, product_id, quantity, price_at_purchase) VALUES (240, 115, 3, 1, 64999.0);
SELECT setval('order_items_order_item_id_seq', COALESCE((SELECT MAX(order_item_id)+1 FROM Order_Items), 1), false);

-- Payments
INSERT INTO Payments (payment_id, order_id, method, status, amount, transaction_date) VALUES (1, 1, 'UPI', 'Paid', 50995.0, '2026-01-02 12:00:00+00');
INSERT INTO Payments (payment_id, order_id, method, status, amount, transaction_date) VALUES (2, 2, 'Card', 'Paid', 1114797.0, '2026-01-04 00:00:00+00');
INSERT INTO Payments (payment_id, order_id, method, status, amount, transaction_date) VALUES (3, 3, 'Card', 'Paid', 127997.0, '2026-01-05 12:00:00+00');
INSERT INTO Payments (payment_id, order_id, method, status, amount, transaction_date) VALUES (4, 4, 'UPI', 'Paid', 171996.0, '2026-01-07 00:00:00+00');
INSERT INTO Payments (payment_id, order_id, method, status, amount, transaction_date) VALUES (5, 5, 'Card', 'Paid', 313994.0, '2026-01-08 12:00:00+00');
INSERT INTO Payments (payment_id, order_id, method, status, amount, transaction_date) VALUES (6, 6, 'Card', 'Paid', 2799.2, '2026-01-10 00:00:00+00');
INSERT INTO Payments (payment_id, order_id, method, status, amount, transaction_date) VALUES (7, 7, 'COD', 'Paid', 159999.0, '2026-01-11 12:00:00+00');
INSERT INTO Payments (payment_id, order_id, method, status, amount, transaction_date) VALUES (8, 8, 'Card', 'Refunded', 87495.0, '2026-01-13 00:00:00+00');
INSERT INTO Payments (payment_id, order_id, method, status, amount, transaction_date) VALUES (9, 9, 'UPI', 'Paid', 91796.4, '2026-01-14 12:00:00+00');
INSERT INTO Payments (payment_id, order_id, method, status, amount, transaction_date) VALUES (10, 10, 'COD', 'Paid', 49998.0, '2026-01-16 00:00:00+00');
INSERT INTO Payments (payment_id, order_id, method, status, amount, transaction_date) VALUES (11, 11, 'COD', 'Paid', 32997.0, '2026-01-17 12:00:00+00');
INSERT INTO Payments (payment_id, order_id, method, status, amount, transaction_date) VALUES (12, 12, 'COD', 'Paid', 34797.6, '2026-01-19 00:00:00+00');
INSERT INTO Payments (payment_id, order_id, method, status, amount, transaction_date) VALUES (13, 13, 'COD', 'Paid', 46996.0, '2026-01-20 12:00:00+00');
INSERT INTO Payments (payment_id, order_id, method, status, amount, transaction_date) VALUES (14, 14, 'COD', 'Paid', 12999.5, '2026-01-22 00:00:00+00');
INSERT INTO Payments (payment_id, order_id, method, status, amount, transaction_date) VALUES (15, 15, 'Card', 'Paid', 42995.0, '2026-01-23 12:00:00+00');
INSERT INTO Payments (payment_id, order_id, method, status, amount, transaction_date) VALUES (16, 16, 'UPI', 'Paid', 249998.0, '2026-01-25 00:00:00+00');
INSERT INTO Payments (payment_id, order_id, method, status, amount, transaction_date) VALUES (17, 17, 'Card', 'Paid', 24997.0, '2026-01-26 12:00:00+00');
INSERT INTO Payments (payment_id, order_id, method, status, amount, transaction_date) VALUES (18, 18, 'Card', 'Paid', 699800.0, '2026-01-28 00:00:00+00');
INSERT INTO Payments (payment_id, order_id, method, status, amount, transaction_date) VALUES (19, 19, 'UPI', 'Paid', 247799.0, '2026-01-29 12:00:00+00');
INSERT INTO Payments (payment_id, order_id, method, status, amount, transaction_date) VALUES (20, 20, 'UPI', 'Paid', 26998.0, '2026-01-31 00:00:00+00');
INSERT INTO Payments (payment_id, order_id, method, status, amount, transaction_date) VALUES (21, 21, 'Card', 'Paid', 124999.0, '2026-02-01 12:00:00+00');
INSERT INTO Payments (payment_id, order_id, method, status, amount, transaction_date) VALUES (22, 22, 'UPI', 'Paid', 8999.0, '2026-02-03 00:00:00+00');
INSERT INTO Payments (payment_id, order_id, method, status, amount, transaction_date) VALUES (23, 23, 'UPI', 'Paid', 24997.0, '2026-02-04 12:00:00+00');
INSERT INTO Payments (payment_id, order_id, method, status, amount, transaction_date) VALUES (24, 24, 'Card', 'Paid', 66994.0, '2026-02-06 00:00:00+00');
INSERT INTO Payments (payment_id, order_id, method, status, amount, transaction_date) VALUES (25, 25, 'COD', 'Refunded', 39998.0, '2026-02-07 12:00:00+00');
INSERT INTO Payments (payment_id, order_id, method, status, amount, transaction_date) VALUES (26, 26, 'UPI', 'Failed', 18998.1, '2026-02-09 00:00:00+00');
INSERT INTO Payments (payment_id, order_id, method, status, amount, transaction_date) VALUES (27, 27, 'UPI', 'Paid', 298997.0, '2026-02-10 12:00:00+00');
INSERT INTO Payments (payment_id, order_id, method, status, amount, transaction_date) VALUES (28, 28, 'Card', 'Paid', 114998.5, '2026-02-12 00:00:00+00');
INSERT INTO Payments (payment_id, order_id, method, status, amount, transaction_date) VALUES (29, 29, 'UPI', 'Paid', 133448.5, '2026-02-13 12:00:00+00');
INSERT INTO Payments (payment_id, order_id, method, status, amount, transaction_date) VALUES (30, 30, 'UPI', 'Failed', 12498.0, '2026-02-15 00:00:00+00');
INSERT INTO Payments (payment_id, order_id, method, status, amount, transaction_date) VALUES (31, 31, 'UPI', 'Paid', 19998.0, '2026-02-16 12:00:00+00');
INSERT INTO Payments (payment_id, order_id, method, status, amount, transaction_date) VALUES (32, 32, 'Card', 'Paid', 16998.0, '2026-02-18 00:00:00+00');
INSERT INTO Payments (payment_id, order_id, method, status, amount, transaction_date) VALUES (33, 33, 'Card', 'Paid', 6498.0, '2026-02-19 12:00:00+00');
INSERT INTO Payments (payment_id, order_id, method, status, amount, transaction_date) VALUES (34, 34, 'COD', 'Paid', 24696.2, '2026-02-21 00:00:00+00');
INSERT INTO Payments (payment_id, order_id, method, status, amount, transaction_date) VALUES (35, 35, 'COD', 'Refunded', 17098.2, '2026-02-22 12:00:00+00');
INSERT INTO Payments (payment_id, order_id, method, status, amount, transaction_date) VALUES (36, 36, 'COD', 'Paid', 131298.0, '2026-02-24 00:00:00+00');
INSERT INTO Payments (payment_id, order_id, method, status, amount, transaction_date) VALUES (37, 37, 'Card', 'Paid', 51498.0, '2026-02-25 12:00:00+00');
INSERT INTO Payments (payment_id, order_id, method, status, amount, transaction_date) VALUES (38, 38, 'Card', 'Paid', 431797.0, '2026-02-27 00:00:00+00');
INSERT INTO Payments (payment_id, order_id, method, status, amount, transaction_date) VALUES (39, 39, 'COD', 'Paid', 7649.15, '2026-02-28 12:00:00+00');
INSERT INTO Payments (payment_id, order_id, method, status, amount, transaction_date) VALUES (40, 40, 'COD', 'Paid', 145997.0, '2026-03-02 00:00:00+00');
INSERT INTO Payments (payment_id, order_id, method, status, amount, transaction_date) VALUES (41, 41, 'COD', 'Paid', 73297.0, '2026-03-03 12:00:00+00');
INSERT INTO Payments (payment_id, order_id, method, status, amount, transaction_date) VALUES (42, 42, 'Card', 'Paid', 25997.0, '2026-03-05 00:00:00+00');
INSERT INTO Payments (payment_id, order_id, method, status, amount, transaction_date) VALUES (43, 43, 'COD', 'Paid', 301995.0, '2026-03-06 12:00:00+00');
INSERT INTO Payments (payment_id, order_id, method, status, amount, transaction_date) VALUES (44, 44, 'UPI', 'Paid', 384997.0, '2026-03-08 00:00:00+00');
INSERT INTO Payments (payment_id, order_id, method, status, amount, transaction_date) VALUES (45, 45, 'Card', 'Paid', 363496.0, '2026-03-09 12:00:00+00');
INSERT INTO Payments (payment_id, order_id, method, status, amount, transaction_date) VALUES (46, 46, 'UPI', 'Paid', 568748.0, '2026-03-11 00:00:00+00');
INSERT INTO Payments (payment_id, order_id, method, status, amount, transaction_date) VALUES (47, 47, 'UPI', 'Paid', 118796.4, '2026-03-12 12:00:00+00');
INSERT INTO Payments (payment_id, order_id, method, status, amount, transaction_date) VALUES (48, 48, 'COD', 'Paid', 359798.0, '2026-03-14 00:00:00+00');
INSERT INTO Payments (payment_id, order_id, method, status, amount, transaction_date) VALUES (49, 49, 'UPI', 'Paid', 135799.0, '2026-03-15 12:00:00+00');
INSERT INTO Payments (payment_id, order_id, method, status, amount, transaction_date) VALUES (50, 50, 'Card', 'Failed', 39497.0, '2026-03-17 00:00:00+00');
INSERT INTO Payments (payment_id, order_id, method, status, amount, transaction_date) VALUES (51, 51, 'COD', 'Paid', 74994.0, '2026-03-18 12:00:00+00');
INSERT INTO Payments (payment_id, order_id, method, status, amount, transaction_date) VALUES (52, 52, 'UPI', 'Paid', 24999.0, '2026-03-20 00:00:00+00');
INSERT INTO Payments (payment_id, order_id, method, status, amount, transaction_date) VALUES (53, 53, 'Card', 'Paid', 301798.0, '2026-03-21 12:00:00+00');
INSERT INTO Payments (payment_id, order_id, method, status, amount, transaction_date) VALUES (54, 54, 'COD', 'Paid', 29999.0, '2026-03-23 00:00:00+00');
INSERT INTO Payments (payment_id, order_id, method, status, amount, transaction_date) VALUES (55, 55, 'COD', 'Paid', 757797.0, '2026-03-24 12:00:00+00');
INSERT INTO Payments (payment_id, order_id, method, status, amount, transaction_date) VALUES (56, 56, 'Card', 'Paid', 19498.0, '2026-03-26 00:00:00+00');
INSERT INTO Payments (payment_id, order_id, method, status, amount, transaction_date) VALUES (57, 57, 'COD', 'Paid', 14999.0, '2026-03-27 12:00:00+00');
INSERT INTO Payments (payment_id, order_id, method, status, amount, transaction_date) VALUES (58, 58, 'COD', 'Paid', 479899.0, '2026-03-29 00:00:00+00');
INSERT INTO Payments (payment_id, order_id, method, status, amount, transaction_date) VALUES (59, 59, 'Card', 'Paid', 29999.0, '2026-03-30 12:00:00+00');
INSERT INTO Payments (payment_id, order_id, method, status, amount, transaction_date) VALUES (60, 60, 'UPI', 'Paid', 123998.0, '2026-04-01 00:00:00+00');
INSERT INTO Payments (payment_id, order_id, method, status, amount, transaction_date) VALUES (61, 61, 'UPI', 'Paid', 47997.0, '2026-04-02 12:00:00+00');
INSERT INTO Payments (payment_id, order_id, method, status, amount, transaction_date) VALUES (62, 62, 'UPI', 'Paid', 36996.0, '2026-04-04 00:00:00+00');
INSERT INTO Payments (payment_id, order_id, method, status, amount, transaction_date) VALUES (63, 63, 'UPI', 'Failed', 35998.0, '2026-04-05 12:00:00+00');
INSERT INTO Payments (payment_id, order_id, method, status, amount, transaction_date) VALUES (64, 64, 'Card', 'Paid', 231098.0, '2026-04-07 00:00:00+00');
INSERT INTO Payments (payment_id, order_id, method, status, amount, transaction_date) VALUES (65, 65, 'UPI', 'Paid', 12997.0, '2026-04-08 12:00:00+00');
INSERT INTO Payments (payment_id, order_id, method, status, amount, transaction_date) VALUES (66, 66, 'Card', 'Paid', 91996.0, '2026-04-10 00:00:00+00');
INSERT INTO Payments (payment_id, order_id, method, status, amount, transaction_date) VALUES (67, 67, 'UPI', 'Paid', 25999.0, '2026-04-11 12:00:00+00');
INSERT INTO Payments (payment_id, order_id, method, status, amount, transaction_date) VALUES (68, 68, 'COD', 'Pending', 49497.0, '2026-04-13 00:00:00+00');
INSERT INTO Payments (payment_id, order_id, method, status, amount, transaction_date) VALUES (69, 69, 'Card', 'Failed', 51995.0, '2026-04-14 12:00:00+00');
INSERT INTO Payments (payment_id, order_id, method, status, amount, transaction_date) VALUES (70, 70, 'Card', 'Paid', 129999.0, '2026-04-16 00:00:00+00');
INSERT INTO Payments (payment_id, order_id, method, status, amount, transaction_date) VALUES (71, 71, 'COD', 'Paid', 59998.0, '2026-04-17 12:00:00+00');
INSERT INTO Payments (payment_id, order_id, method, status, amount, transaction_date) VALUES (72, 72, 'COD', 'Paid', 135897.0, '2026-04-19 00:00:00+00');
INSERT INTO Payments (payment_id, order_id, method, status, amount, transaction_date) VALUES (73, 73, 'COD', 'Paid', 39998.0, '2026-04-20 12:00:00+00');
INSERT INTO Payments (payment_id, order_id, method, status, amount, transaction_date) VALUES (74, 74, 'COD', 'Paid', 707299.0, '2026-04-22 00:00:00+00');
INSERT INTO Payments (payment_id, order_id, method, status, amount, transaction_date) VALUES (75, 75, 'COD', 'Paid', 769797.0, '2026-04-23 12:00:00+00');
INSERT INTO Payments (payment_id, order_id, method, status, amount, transaction_date) VALUES (76, 76, 'Card', 'Paid', 17998.0, '2026-04-25 00:00:00+00');
INSERT INTO Payments (payment_id, order_id, method, status, amount, transaction_date) VALUES (77, 77, 'UPI', 'Paid', 83995.0, '2026-04-26 12:00:00+00');
INSERT INTO Payments (payment_id, order_id, method, status, amount, transaction_date) VALUES (78, 78, 'UPI', 'Paid', 9999.0, '2026-04-28 00:00:00+00');
INSERT INTO Payments (payment_id, order_id, method, status, amount, transaction_date) VALUES (79, 79, 'UPI', 'Paid', 156497.0, '2026-04-29 12:00:00+00');
INSERT INTO Payments (payment_id, order_id, method, status, amount, transaction_date) VALUES (80, 80, 'Card', 'Paid', 39998.0, '2026-05-01 00:00:00+00');
INSERT INTO Payments (payment_id, order_id, method, status, amount, transaction_date) VALUES (81, 81, 'Card', 'Paid', 327996.0, '2026-05-02 12:00:00+00');
INSERT INTO Payments (payment_id, order_id, method, status, amount, transaction_date) VALUES (82, 82, 'COD', 'Paid', 132995.0, '2026-05-04 00:00:00+00');
INSERT INTO Payments (payment_id, order_id, method, status, amount, transaction_date) VALUES (83, 83, 'Card', 'Paid', 101829.15, '2026-05-05 12:00:00+00');
INSERT INTO Payments (payment_id, order_id, method, status, amount, transaction_date) VALUES (84, 84, 'COD', 'Paid', 324496.0, '2026-05-07 00:00:00+00');
INSERT INTO Payments (payment_id, order_id, method, status, amount, transaction_date) VALUES (85, 85, 'UPI', 'Paid', 11997.0, '2026-05-08 12:00:00+00');
INSERT INTO Payments (payment_id, order_id, method, status, amount, transaction_date) VALUES (86, 86, 'Card', 'Paid', 75645.75, '2026-05-10 00:00:00+00');
INSERT INTO Payments (payment_id, order_id, method, status, amount, transaction_date) VALUES (87, 87, 'UPI', 'Paid', 128498.0, '2026-05-11 12:00:00+00');
INSERT INTO Payments (payment_id, order_id, method, status, amount, transaction_date) VALUES (88, 88, 'UPI', 'Paid', 361996.0, '2026-05-13 00:00:00+00');
INSERT INTO Payments (payment_id, order_id, method, status, amount, transaction_date) VALUES (89, 89, 'COD', 'Paid', 155998.0, '2026-05-14 12:00:00+00');
INSERT INTO Payments (payment_id, order_id, method, status, amount, transaction_date) VALUES (90, 90, 'UPI', 'Paid', 18997.0, '2026-05-16 00:00:00+00');
INSERT INTO Payments (payment_id, order_id, method, status, amount, transaction_date) VALUES (91, 91, 'COD', 'Paid', 129998.0, '2026-05-17 12:00:00+00');
INSERT INTO Payments (payment_id, order_id, method, status, amount, transaction_date) VALUES (92, 92, 'Card', 'Paid', 268995.0, '2026-05-19 00:00:00+00');
INSERT INTO Payments (payment_id, order_id, method, status, amount, transaction_date) VALUES (93, 93, 'COD', 'Paid', 709798.0, '2026-05-20 12:00:00+00');
INSERT INTO Payments (payment_id, order_id, method, status, amount, transaction_date) VALUES (94, 94, 'UPI', 'Paid', 59997.0, '2026-05-22 00:00:00+00');
INSERT INTO Payments (payment_id, order_id, method, status, amount, transaction_date) VALUES (95, 95, 'Card', 'Paid', 56995.0, '2026-05-23 12:00:00+00');
INSERT INTO Payments (payment_id, order_id, method, status, amount, transaction_date) VALUES (96, 96, 'COD', 'Pending', 18998.0, '2026-05-25 00:00:00+00');
INSERT INTO Payments (payment_id, order_id, method, status, amount, transaction_date) VALUES (97, 97, 'COD', 'Paid', 87996.0, '2026-05-26 12:00:00+00');
INSERT INTO Payments (payment_id, order_id, method, status, amount, transaction_date) VALUES (98, 98, 'Card', 'Paid', 179998.0, '2026-05-28 00:00:00+00');
INSERT INTO Payments (payment_id, order_id, method, status, amount, transaction_date) VALUES (99, 99, 'Card', 'Paid', 124999.0, '2026-05-29 12:00:00+00');
INSERT INTO Payments (payment_id, order_id, method, status, amount, transaction_date) VALUES (100, 100, 'Card', 'Paid', 7497.0, '2026-05-31 00:00:00+00');
INSERT INTO Payments (payment_id, order_id, method, status, amount, transaction_date) VALUES (101, 101, 'COD', 'Refunded', 315495.0, '2026-06-01 12:00:00+00');
INSERT INTO Payments (payment_id, order_id, method, status, amount, transaction_date) VALUES (102, 102, 'UPI', 'Paid', 24999.0, '2026-06-03 00:00:00+00');
INSERT INTO Payments (payment_id, order_id, method, status, amount, transaction_date) VALUES (103, 103, 'COD', 'Paid', 10498.0, '2026-06-04 12:00:00+00');
INSERT INTO Payments (payment_id, order_id, method, status, amount, transaction_date) VALUES (104, 104, 'Card', 'Paid', 258797.0, '2026-06-06 00:00:00+00');
INSERT INTO Payments (payment_id, order_id, method, status, amount, transaction_date) VALUES (105, 105, 'COD', 'Paid', 14999.0, '2026-06-07 12:00:00+00');
INSERT INTO Payments (payment_id, order_id, method, status, amount, transaction_date) VALUES (106, 106, 'Card', 'Paid', 156445.0, '2026-06-09 00:00:00+00');
INSERT INTO Payments (payment_id, order_id, method, status, amount, transaction_date) VALUES (107, 107, 'COD', 'Paid', 49900.0, '2026-06-10 12:00:00+00');
INSERT INTO Payments (payment_id, order_id, method, status, amount, transaction_date) VALUES (108, 108, 'COD', 'Paid', 664897.0, '2026-06-12 00:00:00+00');
INSERT INTO Payments (payment_id, order_id, method, status, amount, transaction_date) VALUES (109, 109, 'UPI', 'Paid', 27995.0, '2026-06-13 12:00:00+00');
INSERT INTO Payments (payment_id, order_id, method, status, amount, transaction_date) VALUES (110, 110, 'Card', 'Paid', 702299.0, '2026-06-15 00:00:00+00');
INSERT INTO Payments (payment_id, order_id, method, status, amount, transaction_date) VALUES (111, 111, 'UPI', 'Paid', 206896.0, '2026-06-16 12:00:00+00');
INSERT INTO Payments (payment_id, order_id, method, status, amount, transaction_date) VALUES (112, 112, 'Card', 'Failed', 39495.0, '2026-06-18 00:00:00+00');
INSERT INTO Payments (payment_id, order_id, method, status, amount, transaction_date) VALUES (113, 113, 'UPI', 'Paid', 59998.0, '2026-06-19 12:00:00+00');
INSERT INTO Payments (payment_id, order_id, method, status, amount, transaction_date) VALUES (114, 114, 'Card', 'Paid', 22997.0, '2026-06-21 00:00:00+00');
INSERT INTO Payments (payment_id, order_id, method, status, amount, transaction_date) VALUES (115, 115, 'UPI', 'Paid', 384997.0, '2026-06-22 12:00:00+00');
SELECT setval('payments_payment_id_seq', COALESCE((SELECT MAX(payment_id)+1 FROM Payments), 1), false);

-- Reviews
INSERT INTO Reviews (review_id, user_id, product_id, rating, comment, created_at) VALUES (1, 5, 33, 5, 'Amazing quality, highly recommend.', '2026-04-17 00:00:00+00');
INSERT INTO Reviews (review_id, user_id, product_id, rating, comment, created_at) VALUES (2, 38, 28, 5, 'Amazing quality, highly recommend.', '2026-05-12 00:00:00+00');
INSERT INTO Reviews (review_id, user_id, product_id, rating, comment, created_at) VALUES (3, 38, 34, 5, 'Absolutely loved it! Premium feel.', '2026-04-28 00:00:00+00');
INSERT INTO Reviews (review_id, user_id, product_id, rating, comment, created_at) VALUES (4, 37, 34, 5, 'Exceptional performance, fits perfectly!', '2026-04-08 00:00:00+00');
INSERT INTO Reviews (review_id, user_id, product_id, rating, comment, created_at) VALUES (5, 54, 8, 4, 'Great value for money.', '2026-04-02 00:00:00+00');
INSERT INTO Reviews (review_id, user_id, product_id, rating, comment, created_at) VALUES (6, 15, 27, 1, 'Waste of money, do not buy.', '2026-04-28 00:00:00+00');
INSERT INTO Reviews (review_id, user_id, product_id, rating, comment, created_at) VALUES (7, 14, 4, 4, 'Delivery was fast, product is great.', '2026-05-02 00:00:00+00');
INSERT INTO Reviews (review_id, user_id, product_id, rating, comment, created_at) VALUES (8, 3, 21, 4, 'Works well, solid build quality.', '2026-04-22 00:00:00+00');
INSERT INTO Reviews (review_id, user_id, product_id, rating, comment, created_at) VALUES (9, 53, 4, 5, 'Absolutely loved it! Premium feel.', '2026-05-30 00:00:00+00');
INSERT INTO Reviews (review_id, user_id, product_id, rating, comment, created_at) VALUES (10, 27, 16, 3, 'Decent but could be better.', '2026-05-06 00:00:00+00');
INSERT INTO Reviews (review_id, user_id, product_id, rating, comment, created_at) VALUES (11, 59, 18, 4, 'Very good product, satisfied.', '2026-05-30 00:00:00+00');
INSERT INTO Reviews (review_id, user_id, product_id, rating, comment, created_at) VALUES (12, 13, 33, 2, 'Not satisfied, has some issues.', '2026-05-28 00:00:00+00');
INSERT INTO Reviews (review_id, user_id, product_id, rating, comment, created_at) VALUES (13, 43, 35, 3, 'Average quality, does the job.', '2026-05-25 00:00:00+00');
INSERT INTO Reviews (review_id, user_id, product_id, rating, comment, created_at) VALUES (14, 5, 7, 5, 'Exceptional performance, fits perfectly!', '2026-04-13 00:00:00+00');
INSERT INTO Reviews (review_id, user_id, product_id, rating, comment, created_at) VALUES (15, 38, 23, 2, 'Average performance, not worth the hype.', '2026-05-28 00:00:00+00');
INSERT INTO Reviews (review_id, user_id, product_id, rating, comment, created_at) VALUES (16, 10, 24, 5, 'Worth every single penny.', '2026-05-08 00:00:00+00');
INSERT INTO Reviews (review_id, user_id, product_id, rating, comment, created_at) VALUES (17, 44, 4, 4, 'Works well, solid build quality.', '2026-04-20 00:00:00+00');
INSERT INTO Reviews (review_id, user_id, product_id, rating, comment, created_at) VALUES (18, 19, 27, 4, 'Delivery was fast, product is great.', '2026-05-28 00:00:00+00');
INSERT INTO Reviews (review_id, user_id, product_id, rating, comment, created_at) VALUES (19, 36, 8, 2, 'Not satisfied, has some issues.', '2026-04-19 00:00:00+00');
INSERT INTO Reviews (review_id, user_id, product_id, rating, comment, created_at) VALUES (20, 51, 8, 5, 'Absolutely loved it! Premium feel.', '2026-04-23 00:00:00+00');
INSERT INTO Reviews (review_id, user_id, product_id, rating, comment, created_at) VALUES (21, 7, 30, 5, 'Exceptional performance, fits perfectly!', '2026-05-13 00:00:00+00');
INSERT INTO Reviews (review_id, user_id, product_id, rating, comment, created_at) VALUES (22, 23, 32, 5, 'Amazing quality, highly recommend.', '2026-04-02 00:00:00+00');
INSERT INTO Reviews (review_id, user_id, product_id, rating, comment, created_at) VALUES (23, 54, 28, 4, 'Works well, solid build quality.', '2026-05-08 00:00:00+00');
INSERT INTO Reviews (review_id, user_id, product_id, rating, comment, created_at) VALUES (24, 7, 25, 4, 'Great value for money.', '2026-04-13 00:00:00+00');
INSERT INTO Reviews (review_id, user_id, product_id, rating, comment, created_at) VALUES (25, 31, 13, 4, 'Delivery was fast, product is great.', '2026-05-24 00:00:00+00');
INSERT INTO Reviews (review_id, user_id, product_id, rating, comment, created_at) VALUES (26, 43, 3, 5, 'Worth every single penny.', '2026-04-07 00:00:00+00');
INSERT INTO Reviews (review_id, user_id, product_id, rating, comment, created_at) VALUES (27, 8, 32, 5, 'Absolutely loved it! Premium feel.', '2026-04-13 00:00:00+00');
INSERT INTO Reviews (review_id, user_id, product_id, rating, comment, created_at) VALUES (28, 53, 9, 1, 'Faulty unit, returning immediately.', '2026-04-22 00:00:00+00');
INSERT INTO Reviews (review_id, user_id, product_id, rating, comment, created_at) VALUES (29, 19, 28, 2, 'Disappointed with the quality.', '2026-04-18 00:00:00+00');
INSERT INTO Reviews (review_id, user_id, product_id, rating, comment, created_at) VALUES (30, 44, 26, 5, 'Exceptional performance, fits perfectly!', '2026-05-20 00:00:00+00');
INSERT INTO Reviews (review_id, user_id, product_id, rating, comment, created_at) VALUES (31, 29, 14, 5, 'Worth every single penny.', '2026-04-21 00:00:00+00');
INSERT INTO Reviews (review_id, user_id, product_id, rating, comment, created_at) VALUES (32, 60, 6, 4, 'Very good product, satisfied.', '2026-04-18 00:00:00+00');
INSERT INTO Reviews (review_id, user_id, product_id, rating, comment, created_at) VALUES (33, 41, 16, 4, 'Great value for money.', '2026-04-05 00:00:00+00');
INSERT INTO Reviews (review_id, user_id, product_id, rating, comment, created_at) VALUES (34, 16, 13, 4, 'Delivery was fast, product is great.', '2026-04-21 00:00:00+00');
INSERT INTO Reviews (review_id, user_id, product_id, rating, comment, created_at) VALUES (35, 53, 17, 5, 'Worth every single penny.', '2026-05-16 00:00:00+00');
INSERT INTO Reviews (review_id, user_id, product_id, rating, comment, created_at) VALUES (36, 41, 28, 5, 'Worth every single penny.', '2026-04-25 00:00:00+00');
INSERT INTO Reviews (review_id, user_id, product_id, rating, comment, created_at) VALUES (37, 11, 34, 4, 'Great value for money.', '2026-04-10 00:00:00+00');
INSERT INTO Reviews (review_id, user_id, product_id, rating, comment, created_at) VALUES (38, 53, 21, 4, 'Delivery was fast, product is great.', '2026-05-19 00:00:00+00');
INSERT INTO Reviews (review_id, user_id, product_id, rating, comment, created_at) VALUES (39, 45, 29, 1, 'Poor quality, extremely disappointed.', '2026-04-28 00:00:00+00');
INSERT INTO Reviews (review_id, user_id, product_id, rating, comment, created_at) VALUES (40, 27, 25, 4, 'Delivery was fast, product is great.', '2026-05-20 00:00:00+00');
INSERT INTO Reviews (review_id, user_id, product_id, rating, comment, created_at) VALUES (41, 53, 7, 4, 'Great value for money.', '2026-05-20 00:00:00+00');
INSERT INTO Reviews (review_id, user_id, product_id, rating, comment, created_at) VALUES (42, 24, 17, 5, 'Absolutely loved it! Premium feel.', '2026-05-05 00:00:00+00');
INSERT INTO Reviews (review_id, user_id, product_id, rating, comment, created_at) VALUES (43, 2, 29, 5, 'Worth every single penny.', '2026-04-06 00:00:00+00');
INSERT INTO Reviews (review_id, user_id, product_id, rating, comment, created_at) VALUES (44, 41, 11, 2, 'Disappointed with the quality.', '2026-04-05 00:00:00+00');
INSERT INTO Reviews (review_id, user_id, product_id, rating, comment, created_at) VALUES (45, 54, 24, 3, 'Decent but could be better.', '2026-05-08 00:00:00+00');
SELECT setval('reviews_review_id_seq', COALESCE((SELECT MAX(review_id)+1 FROM Reviews), 1), false);

COMMIT;